Intolerance: Love's Struggle Throughout the Ages;1916
Over the Hill to the Poorhouse;1920
The Big Parade;1925
The Broadway Melody;1929
Hell's Angels;1930
A Farewell to Arms;1932
42nd Street;1933
She Done Him Wrong;1933
It Happened One Night;1934
Top Hat;1935
Modern Times;1936
The Charge of the Light Brigade;1936
The Prisoner of Zenda;1937
Snow White and the Seven Dwarfs;1937
Alexander's Ragtime Band;1938
You Can't Take It with You;1938
Gone with the Wind;1939
The Wizard of Oz;1939
Mr. Smith Goes to Washington;1939
Pinocchio;1940
Fantasia;1940
Boom Town;1940
Rebecca;1940
The Blue Bird;1940
How Green Was My Valley;1941
Casablanca;1942
Bambi;1942
A Guy Named Joe;1943
Bathing Beauty;1944
State Fair;1945
The Valley of Decision;1945
Spellbound;1945
The Lost Weekend;1945
Duel in the Sun;1946
It's a Wonderful Life;1946
The Best Years of Our Lives;1946
Tycoon;1947
Gentleman's Agreement;1947
The Lady from Shanghai;1947
The Pirate;1948
Red River;1948
Open Secret;1948
She Wore a Yellow Ribbon;1949
Sands of Iwo Jima;1949
Annie Get Your Gun;1950
Quo Vadis;1951
Show Boat;1951
A Streetcar Named Desire;1951
The Greatest Show on Earth;1952
Singin' in the Rain;1952
Deadline - U.S.A.;1952
High Noon;1952
The Robe;1953
From Here to Eternity;1953
Niagara;1953
The Beast from 20,000 Fathoms;1953
20,000 Leagues Under the Sea;1954
The Egyptian;1954
On the Waterfront;1954
The Trouble with Harry;1955
Moby Dick;1956
Trapeze;1956
Love Me Tender;1956
12 Angry Men;1957
Cat on a Hot Tin Roof;1958
Solomon and Sheba;1959
The Nun's Story;1959
Some Like It Hot;1959
Psycho;1960
The Apartment;1960
Elmer Gantry;1960
West Side Story;1961
The Misfits;1961
Judgment at Nuremberg;1961
Pocketful of Miracles;1961
The Hustler;1961
The Longest Day;1962
The Man Who Shot Liberty Valance;1962
To Kill a Mockingbird;1962
The Brain That Wouldn't Die;1962
55 Days at Peking;1963
It's a Mad, Mad, Mad, Mad World;1963
The Great Escape;1963
Donovan's Reef;1963
Hud;1963
The Fall of the Roman Empire;1964
My Fair Lady;1964
Mary Poppins;1964
Dr. Strangelove or: How I Learned to Stop Worrying and Love the Bomb;1964
Nothing But a Man;1964
The Greatest Story Ever Told;1965
Doctor Zhivago;1965
The Sound of Music;1965
Major Dundee;1965
A Charlie Brown Christmas;1965
Harper;1966
Torn Curtain;1966
A Funny Thing Happened on the Way to the Forum;1966
Batman: The Movie;1966
In Cold Blood;1967
Point Blank;1967
Yours, Mine and Ours;1968
Night of the Living Dead;1968
Rosemary's Baby;1968
Hang 'Em High;1968
Charly;1968
Paint Your Wagon;1969
Sweet Charity;1969
Butch Cassidy and the Sundance Kid;1969
The Wild Bunch;1969
Topaz;1969
Midnight Cowboy;1969
The Stewardesses;1969
Darling Lili;1970
Catch-22;1970
Patton;1970
The Molly Maguires;1970
The Ballad of Cable Hogue;1970
Beneath the Planet of the Apes;1970
Cotton Comes to Harlem;1970
Beyond the Valley of the Dolls;1970
Woodstock;1970
The French Connection;1971
Fiddler on the Roof;1971
The Andromeda Strain;1971
Willy Wonka & the Chocolate Factory;1971
Escape from the Planet of the Apes;1971
Bananas;1971
Sweet Sweetback's Baadasssss Song;1971
The Night Visitor;1971
Pink Narcissus;1971
The Godfather;1972
1776;1972
Everything You Always Wanted to Know About Sex * But Were Afraid to Ask;1972
Conquest of the Planet of the Apes;1972
Silent Running;1972
Pink Flamingos;1972
Mean Streets;1973
The Exorcist;1973
The Sting;1973
High Plains Drifter;1973
Pat Garrett & Billy the Kid;1973
Sleeper;1973
Battle for the Planet of the Apes;1973
American Graffiti;1973
The Godfather: Part II;1974
The Texas Chain Saw Massacre;1974
The Front Page;1974
Young Frankenstein;1974
Blazing Saddles;1974
The Conversation;1974
Benji;1974
Jaws;1975
One Flew Over the Cuckoo's Nest;1975
Death Race 2000;1975
The Bad News Bears;1976
Logan's Run;1976
Robin and Marian;1976
Silent Movie;1976
Network;1976
Family Plot;1976
Rocky;1976
Taxi Driver;1976
A Bridge Too Far;1977
Sorcerer;1977
Close Encounters of the Third Kind;1977
Damnation Alley;1977
Exorcist II: The Heretic;1977
New York, New York;1977
Star Wars: Episode IV - A New Hope;1977
Julia;1977
Capricorn One;1977
Annie Hall;1977
High Anxiety;1977
The Kentucky Fried Movie;1977
Kingdom of the Spiders;1977
Eraserhead;1977
Superman;1978
The Wiz;1978
Jaws 2;1978
Halloween;1978
F.I.S.T.;1978
Alien Zone;1978
Grease;1978
Animal House;1978
Days of Heaven;1978
The Last Waltz;1978
All That Jazz;1979
Star Trek: The Motion Picture;1979
1941;1979
Apocalypse Now;1979
The Black Hole;1979
Meteor;1979
Prophecy;1979
The Rose;1979
Escape from Alcatraz;1979
The Black Stallion;1979
Penitentiary;1979
Superman II;1980
Heaven's Gate;1980
The Blues Brothers;1980
Star Wars: Episode V - The Empire Strikes Back;1980
Can't Stop the Music;1980
The Shining;1980
The Fog;1980
Raging Bull;1980
Private Benjamin;1980
Coal Miner's Daughter;1980
The Long Riders;1980
Dressed to Kill;1980
Ordinary People;1980
Caddyshack;1980
Galaxina;1980
Somewhere in Time;1980
The Elephant Man;1980
The Blue Lagoon;1980
Airplane!;1980
Reds;1981
Raiders of the Lost Ark;1981
Under the Rainbow;1981
The Legend of the Lone Ranger;1981
Blow Out;1981
Dragonslayer;1981
Roar;1981
The Postman Always Rings Twice;1981
The Pursuit of D.B. Cooper;1981
History of the World: Part I;1981
Stripes;1981
Heartbeeps;1981
Sphinx;1981
Modern Problems;1981
The Four Seasons;1981
Mommie Dearest;1981
Nighthawks;1981
Friday the 13th Part 2;1981
The Howling;1981
The Evil Dead;1981
Graduation Day;1981
Conan the Barbarian;1982
Creepshow;1982
First Blood;1982
The Thing;1982
Poltergeist;1982
Blade Runner;1982
Firefox;1982
The Best Little Whorehouse in Texas;1982
Megaforce;1982
The Verdict;1982
Tootsie;1982
Cat People;1982
Star Trek II: The Wrath of Khan;1982
E.T. the Extra-Terrestrial;1982
Diner;1982
The Beastmaster;1982
Jekyll and Hyde... Together Again;1982
Fast Times at Ridgemont High;1982
Halloween III: Season of the Witch;1982
Friday the 13th Part III;1982
The Ballad of Gregorio Cortez;1982
Butterfly;1982
Star Wars: Episode VI - Return of the Jedi;1983
The Right Stuff;1983
Scarface;1983
National Lampoon's Vacation;1983
WarGames;1983
Twilight Zone: The Movie;1983
The Outsiders;1983
The Dead Zone;1983
Trading Places;1983
Flashdance;1983
Lone Wolf McQuade;1983
A Christmas Story;1983
Love Letters;1983
Red Dawn;1984
The Cotton Club;1984
Dune;1984
The Karate Kid;1984
A Nightmare on Elm Street;1984
Indiana Jones and the Temple of Doom;1984
Footloose;1984
Star Trek III: The Search for Spock;1984
Amadeus;1984
Conan the Destroyer;1984
Beverly Hills Cop;1984
Firestarter;1984
Gremlins;1984
Body Double;1984
The Ice Pirates;1984
Splash;1984
Police Academy;1984
Friday the 13th: The Final Chapter;1984
Repo Man;1984
C.H.U.D.;1984
The Toxic Avenger;1984
Rambo: First Blood Part II;1985
Out of Africa;1985
Silverado;1985
Ladyhawke;1985
Back to the Future;1985
Young Sherlock Holmes;1985
Day of the Dead;1985
The Color Purple;1985
Witness;1985
Commando;1985
The Last Dragon;1985
Invasion U.S.A.;1985
Pale Rider;1985
The Return of the Living Dead;1985
A Nightmare on Elm Street 2: Freddy's Revenge;1985
Krush Groove;1985
Friday the 13th: A New Beginning;1985
Legal Eagles;1986
Little Shop of Horrors;1986
Howard the Duck;1986
Big Trouble in Little China;1986
Star Trek IV: The Voyage Home;1986
Peggy Sue Got Married;1986
9½ Weeks;1986
The Wraith;1986
Aliens;1986
Top Gun;1986
The Clan of the Cave Bear;1986
The Golden Child;1986
Invaders from Mars;1986
The Color of Money;1986
Stand by Me;1986
April Fool's Day;1986
The Texas Chainsaw Massacre 2;1986
Jason Lives: Friday the 13th Part VI;1986
River's Edge;1986
She's Gotta Have It;1986
Ishtar;1987
The Running Man;1987
The Untouchables;1987
Jaws: The Revenge;1987
Spaceballs;1987
Beverly Hills Cop II;1987
Predator;1987
Wall Street;1987
Radio Days;1987
3 Men and a Baby;1987
The Princess Bride;1987
Fatal Attraction;1987
Good Morning, Vietnam;1987
Malone;1987
The Lost Boys;1987
La Bamba;1987
A Nightmare on Elm Street 3: Dream Warriors;1987
The Barbarians;1987
Prison;1987
Creepshow 2;1987
Evil Dead II;1987
Teen Wolf Too;1987
The Brave Little Toaster;1987
From a Whisper to a Scream;1987
American Ninja 2: The Confrontation;1987
Hollywood Shuffle;1987
Rambo III;1988
Scrooged;1988
Midnight Run;1988
Die Hard;1988
Rain Man;1988
Bright Lights, Big City;1988
Dangerous Liaisons;1988
Big;1988
My Stepmother Is an Alien;1988
Twins;1988
Beetlejuice;1988
A Nightmare on Elm Street 4: The Dream Master;1988
Young Guns;1988
The Land Before Time;1988
Poltergeist III;1988
Child's Play;1988
Action Jackson;1988
The Last Temptation of Christ;1988
School Daze;1988
Mystic Pizza;1988
Halloween 4: The Return of Michael Myers;1988
Lady in White;1988
They Live;1988
Talk Radio;1988
Phantasm II;1988
Friday the 13th Part VII: The New Blood;1988
Bloodsport;1988
The Abyss;1989
Tango & Cash;1989
Indiana Jones and the Last Crusade;1989
Back to the Future Part II;1989
Batman;1989
Star Trek V: The Final Frontier;1989
Black Rain;1989
Glory;1989
We're No Angels;1989
Sea of Love;1989
Troop Beverly Hills;1989
Dead Poets Society;1989
When Harry Met Sally...;1989
New York Stories;1989
Born on the Fourth of July;1989
Pet Sematary;1989
Major League;1989
Bill & Ted's Excellent Adventure;1989
Road House;1989
Driving Miss Daisy;1989
Warlock;1989
A Nightmare on Elm Street 5: The Dream Child;1989
Halloween 5;1989
Do the Right Thing;1989
Friday the 13th Part VIII: Jason Takes Manhattan;1989
UHF;1989
The Toxic Avenger Part II;1989
Sex, Lies, and Videotape;1989
Roger & Me;1989
Total Recall;1990
Die Hard 2;1990
Days of Thunder;1990
The Godfather: Part III;1990
Gremlins 2: The New Batch;1990
The Adventures of Ford Fairlane;1990
Dick Tracy;1990
Back to the Future Part III;1990
Predator 2;1990
Arachnophobia;1990
The Hunt for Red October;1990
Kindergarten Cop;1990
Flatliners;1990
Goodfellas;1990
Ghost;1990
Edward Scissorhands;1990
Dances with Wolves;1990
Home Alone;1990
Pretty Woman;1990
Child's Play 2;1990
Mo' Better Blues;1990
Tremors;1990
Spaced Invaders;1990
Marilyn Hotchkiss' Ballroom Dancing and Charm School;1990
Metropolitan;1990
Midnight Cabaret;1990
Terminator 2: Judgment Day;1991
Hook;1991
Hudson Hawk;1991
Robin Hood: Prince of Thieves;1991
The Doors;1991
Cape Fear;1991
Flight of the Intruder;1991
The Addams Family;1991
The Prince of Tides;1991
Star Trek VI: The Undiscovered Country;1991
Teenage Mutant Ninja Turtles II: The Secret of the Ooze;1991
Stone Cold;1991
The Fisher King;1991
The Naked Gun 2½: The Smell of Fear;1991
Harley Davidson and the Marlboro Man;1991
The Silence of the Lambs;1991
Bill & Ted's Bogus Journey;1991
My Girl;1991
Double Impact;1991
White Fang;1991
Return to the Blue Lagoon;1991
Showdown in Little Tokyo;1991
Boyz n the Hood;1991
Beastmaster 2: Through the Portal of Time;1991
Freddy's Dead: The Final Nightmare;1991
House Party 2;1991
My Own Private Idaho;1991
Straight Out of Brooklyn;1991
Slacker;1991
Batman Returns;1992
Death Becomes Her;1992
Alien 3;1992
Patriot Games;1992
Boomerang;1992
A League of Their Own;1992
Bram Stoker's Dracula;1992
The Last of the Mohicans;1992
Medicine Man;1992
Memoirs of an Invisible Man;1992
Lethal Weapon 3;1992
Malcolm X;1992
Hoffa;1992
Radio Flyer;1992
A Few Good Men;1992
Aladdin;1992
The Bodyguard;1992
Home Alone 2: Lost in New York;1992
Wayne's World;1992
Unforgiven;1992
Glengarry Glen Ross;1992
The Muppet Christmas Carol;1992
My Cousin Vinny;1992
Raising Cain;1992
Army of Darkness;1992
The Mighty Ducks;1992
Light Sleeper;1992
Reservoir Dogs;1992
El Mariachi;1992
Last Action Hero;1993
Cliffhanger;1993
Jurassic Park;1993
The Pelican Brief;1993
The Fugitive;1993
The Firm;1993
Blood In, Blood Out;1993
The Age of Innocence;1993
Alive;1993
Hocus Pocus;1993
Mrs. Doubtfire;1993
Schindler's List;1993
Tombstone;1993
Gettysburg;1993
RoboCop 3;1993
Teenage Mutant Ninja Turtles III;1993
The Nutcracker;1993
Philadelphia;1993
What's Love Got to Do with It;1993
Nowhere to Run;1993
Groundhog Day;1993
Cool Runnings;1993
Poetic Justice;1993
Loaded Weapon 1;1993
Excessive Force;1993
True Romance;1993
What's Eating Gilbert Grape;1993
Sugar Hill;1993
Dazed and Confused;1993
The Adventures of Huck Finn;1993
Only the Strong;1993
Menace II Society;1993
Jason Goes to Hell: The Final Friday;1993
Warlock: The Armageddon;1993
Return of the Living Dead III;1993
Ed and His Dead Mother;1993
Airborne;1993
Ruby in Paradise;1993
True Lies;1994
The Lion King;1994
Wolf;1994
Wyatt Earp;1994
Clear and Present Danger;1994
Forrest Gump;1994
Disclosure;1994
Interview with the Vampire: The Vampire Chronicles;1994
Beverly Hills Cop III;1994
On Deadly Ground;1994
Baby's Day Out;1994
The Flintstones;1994
The Client;1994
The River Wild;1994
Ri¢hie Ri¢h;1994
The Shadow;1994
Renaissance Man;1994
The Crow;1994
Star Trek: Generations;1994
Speed;1994
Legends of the Fall;1994
Naked Gun 33 1/3: The Final Insult;1994
The Shawshank Redemption;1994
Don Juan DeMarco;1994
The Santa Clause;1994
Bullets Over Broadway;1994
3 Ninjas Kick Back;1994
Rapa Nui;1994
The Mask;1994
Ed Wood;1994
Dumb & Dumber;1994
Little Women;1994
Crooklyn;1994
Serial Mom;1994
Ace Ventura: Pet Detective;1994
There Goes My Baby;1994
A Low Down Dirty Shame;1994
Police Academy: Mission to Moscow;1994
PCU;1994
Pulp Fiction;1994
New Nightmare;1994
The Inkwell;1994
Men of War;1994
Hoop Dreams;1994
Clerks;1994
Waterworld;1995
Batman Forever;1995
Cutthroat Island;1995
Die Hard with a Vengeance;1995
First Knight;1995
Braveheart;1995
Money Train;1995
Apollo 13;1995
The American President;1995
Under Siege 2: Dark Territory;1995
Pocahontas;1995
Casper;1995
Crimson Tide;1995
Casino;1995
Congo;1995
Outbreak;1995
The Scarlet Letter;1995
Jade;1995
The Indian in the Cupboard;1995
Nixon;1995
Kiss of Death;1995
Hackers;1995
Species;1995
Mr. Holland's Opus;1995
Get Shorty;1995
Toy Story;1995
Ace Ventura: When Nature Calls;1995
Se7en;1995
Virtuosity;1995
Rob Roy;1995
Tank Girl;1995
Bad Boys;1995
The Bridges of Madison County;1995
The Net;1995
Mortal Kombat;1995
Copycat;1995
To Die For;1995
Home for the Holidays;1995
Sense and Sensibility;1995
Things to Do in Denver When You're Dead;1995
Vampire in Brooklyn;1995
Clueless;1995
Tales from the Crypt: Demon Knight;1995
The Perez Family;1995
Desperado;1995
Mallrats;1995
The Usual Suspects;1995
Tales from the Hood;1995
Halloween: The Curse of Michael Myers;1995
Leaving Las Vegas;1995
The Jerky Boys;1995
Four Rooms;1995
Friday;1995
Before Sunrise;1995
Kids;1995
Welcome to the Dollhouse;1995
The Prophecy;1995
The Incredibly True Adventure of Two Girls in Love;1995
The Brothers McMullen;1995
Bang;1995
Eraser;1996
The Hunchback of Notre Dame;1996
Twister;1996
Mission: Impossible;1996
Space Jam;1996
Mars Attacks!;1996
Daylight;1996
Independence Day;1996
The Rock;1996
Ransom;1996
Broken Arrow;1996
The Long Kiss Goodnight;1996
Jingle All the Way;1996
Up Close & Personal;1996
DragonHeart;1996
The Nutty Professor;1996
Executive Decision;1996
Evita;1996
The Ghost and the Darkness;1996
Chain Reaction;1996
The Fan;1996
Jerry Maguire;1996
Striptease;1996
Escape from L.A.;1996
The Cable Guy;1996
Mary Reilly;1996
Star Trek: First Contact;1996
Courage Under Fire;1996
Tin Cup;1996
The Glimmer Man;1996
Multiplicity;1996
Sleepers;1996
The Juror;1996
The Mirror Has Two Faces;1996
A Time to Kill;1996
The Island of Dr. Moreau;1996
City Hall;1996
Sgt. Bilko;1996
Extreme Measures;1996
White Squall;1996
Ghosts of Mississippi;1996
The English Patient;1996
Phenomenon;1996
Bogus;1996
The First Wives Club;1996
Fled;1996
Blood and Wine;1996
Flipper;1996
Kingpin;1996
Maximum Risk;1996
Mrs. Winterbourne;1996
Marvin's Room;1996
My Fellow Americans;1996
Eye for an Eye;1996
From Dusk Till Dawn;1996
Everyone Says I Love You;1996
Scream;1996
Spy Hard;1996
The Craft;1996
Romeo + Juliet;1996
Thinner;1996
Harriet the Spy;1996
Faithful;1996
The Funeral;1996
Beavis and Butt-Head Do America;1996
Girl 6;1996
Happy Gilmore;1996
Set It Off;1996
A Thin Line Between Love and Hate;1996
The Pallbearer;1996
Flirting with Disaster;1996
Lone Star;1996
Bottle Rocket;1996
Albino Alligator;1996
Sling Blade;1996
Bound;1996
Waiting for Guffman;1996
She's the One;1996
Kama Sutra: A Tale of Love;1996
Basquiat;1996
Freeway;1996
That Thing You Do!;1996
Get on the Bus;1996
Trees Lounge;1996
The Last Big Thing;1996
Swingers;1996
Titanic;1997
Batman & Robin;1997
Dante's Peak;1997
Speed 2: Cruise Control;1997
Starship Troopers;1997
The Spanish Prisoner;1997
Men in Black;1997
Contact;1997
The Saint;1997
Volcano;1997
The Devil's Own;1997
Air Force One;1997
Face/Off;1997
Con Air;1997
Flubber;1997
Conspiracy Theory;1997
Déjà Vu;1997
The Edge;1997
The Postman;1997
The Lost World: Jurassic Park;1997
Seven Years in Tibet;1997
The Jackal;1997
Alien: Resurrection;1997
The Devil's Advocate;1997
George of the Jungle;1997
Turbulence;1997
Anastasia;1997
As Good as It Gets;1997
Absolute Power;1997
G.I. Jane;1997
The Game;1997
The Peacemaker;1997
Mad City;1997
My Best Friend's Wedding;1997
Liar Liar;1997
Anaconda;1997
Shadow Conspiracy;1997
Spawn;1997
The Rainmaker;1997
Amistad;1997
Switchback;1997
Breakdown;1997
Gattaca;1997
L.A. Confidential;1997
In & Out;1997
Donnie Brasco;1997
Midnight in the Garden of Good and Evil;1997
Warriors of Virtue;1997
Cats Don't Dance;1997
Mortal Kombat: Annihilation;1997
A Simple Wish;1997
Kundun;1997
Kiss the Girls;1997
Snow White: A Tale of Terror;1997
Nothing to Lose;1997
Money Talks;1997
Scream 2;1997
Selena;1997
The Man Who Knew Too Little;1997
Deconstructing Harry;1997
Austin Powers: International Man of Mystery;1997
The Ice Storm;1997
I Know What You Did Last Summer;1997
Steel;1997
Wag the Dog;1997
Cop Land;1997
Grosse Pointe Blank;1997
Boogie Nights;1997
Oscar and Lucinda;1997
Jackie Brown;1997
How to Be a Player;1997
Good Will Hunting;1997
Love Jones;1997
An Alan Smithee Film: Burn Hollywood Burn;1997
Prefontaine;1997
Soul Food;1997
The Apostle;1997
Eve's Bayou;1997
The Last Time I Committed Suicide;1997
Air Bud;1997
8 Heads in a Duffel Bag;1997
Ulee's Gold;1997
Two Girls and a Guy;1997
Orgazmo;1997
Dream with the Fishes;1997
Sparkler;1997
Hav Plenty;1997
Hurricane Streets;1997
Trekkies;1997
First Love, Last Rites;1997
Chasing Amy;1997
I Married a Strange Person!;1997
The Sticky Fingers of Time;1997
I Love You, Don't Touch Me!;1997
Armageddon;1998
Lethal Weapon 4;1998
Mulan;1998
Enemy of the State;1998
Meet Joe Black;1998
Deep Impact;1998
Six Days Seven Nights;1998
Lost in Space;1998
Mighty Joe Young;1998
What Dreams May Come;1998
Snake Eyes;1998
Sphere;1998
Doctor Dolittle;1998
Star Trek: Insurrection;1998
The Siege;1998
Hard Rain;1998
The X Files;1998
Saving Private Ryan;1998
You've Got Mail;1998
The Mask of Zorro;1998
The Truman Show;1998
The Prince of Egypt;1998
Antz;1998
The Horse Whisperer;1998
A Civil Action;1998
Practical Magic;1998
Mercury Rising;1998
Holy Man;1998
Beloved;1998
The Thin Red Line;1998
Patch Adams;1998
Stepmom;1998
Out of Sight;1998
Blade;1998
A Bug's Life;1998
Deep Rising;1998
Small Soldiers;1998
The Magic Sword: Quest for Camelot;1998
The Man in the Iron Mask;1998
Hope Floats;1998
Bulworth;1998
One True Thing;1998
The Replacement Killers;1998
The Rugrats Movie;1998
The Newton Boys;1998
Shakespeare in Love;1998
Ever After: A Cinderella Story;1998
He Got Game;1998
Without Limits;1998
I Still Know What You Did Last Summer;1998
Meet the Deedles;1998
The Waterboy;1998
There's Something About Mary;1998
How Stella Got Her Groove Back;1998
Wild Things;1998
Vampires;1998
Simon Birch;1998
Fear and Loathing in Las Vegas;1998
A Night at the Roxbury;1998
The Faculty;1998
The Object of My Affection;1998
Home Fries;1998
The Big Lebowski;1998
The Love Letter;1998
Urban Legend;1998
Dead Man on Campus;1998
The Big Hit;1998
Woo;1998
54;1998
Rounders;1998
Living Out Loud;1998
Celebrity;1998
Can't Hardly Wait;1998
Rushmore;1998
Very Bad Things;1998
American History X;1998
Half Baked;1998
Chairman of the Board;1998
The Players Club;1998
Slums of Beverly Hills;1998
Zero Effect;1998
Desert Blue;1998
The Velocity of Gary;1998
I Got the Hook Up;1998
Gods and Monsters;1998
Taxman;1998
Happiness;1998
Dancer, Texas Pop. 81;1998
Six-String Samurai;1998
Buffalo '66;1998
Next Stop Wonderland;1998
Slam;1998
Safe Men;1998
Naturally Native;1998
Broken Vessels;1998
The Mighty;1998
Pi;1998
20 Dates;1998
Wild Wild West;1999
The 13th Warrior;1999
Star Wars: Episode I - The Phantom Menace;1999
End of Days;1999
Toy Story 2;1999
Bicentennial Man;1999
The Haunting;1999
Fantasia 2000;1999
Inspector Gadget;1999
Anna and the King;1999
Runaway Bride;1999
Mystery Men;1999
The Insider;1999
Entrapment;1999
The Matrix;1999
Fight Club;1999
Random Hearts;1999
The Green Mile;1999
The General's Daughter;1999
Any Given Sunday;1999
Deep Blue Sea;1999
My Favorite Martian;1999
Edtv;1999
Bowfinger;1999
Instinct;1999
Payback;1999
For Love of the Game;1999
The Story of Us;1999
The Iron Giant;1999
The Bone Collector;1999
Three Kings;1999
The Thomas Crown Affair;1999
Galaxy Quest;1999
The Sixth Sense;1999
Double Jeopardy;1999
The Talented Mr. Ripley;1999
The Out-of-Towners;1999
At First Sight;1999
The Deep End of the Ocean;1999
Universal Soldier: The Return;1999
The Hurricane;1999
Magnolia;1999
Blue Streak;1999
Snow Falling on Cedars;1999
Austin Powers: The Spy Who Shagged Me;1999
Blast from the Past;1999
Ride with the Devil;1999
Chill Factor;1999
The Astronaut's Wife;1999
Pushing Tin;1999
Stigmata;1999
Bringing Out the Dead;1999
Cradle Will Rock;1999
Big Daddy;1999
Analyze This;1999
Message in a Bottle;1999
Wing Commander;1999
In Dreams;1999
Mumford;1999
Lake Placid;1999
Flawless;1999
Angela's Ashes;1999
Brokedown Palace;1999
Girl, Interrupted;1999
Muppets from Space;1999
Play It to the Bone;1999
Anywhere But Here;1999
Summer of Sam;1999
Dudley Do-Right;1999
Arlington Road;1999
South Park: Bigger Longer & Uncut;1999
The Rage: Carrie 2;1999
Molly;1999
House on Haunted Hill;1999
Deuce Bigalow: Male Gigolo;1999
The Adventures of Elmo in Grouchland;1999
Varsity Blues;1999
Detroit Rock City;1999
American Beauty;1999
The Muse;1999
Idle Hands;1999
Crazy in Alabama;1999
Superstar;1999
A Walk on the Moon;1999
10 Things I Hate About You;1999
Baby Geniuses;1999
Being John Malkovich;1999
Light It Up;1999
American Pie;1999
Stir of Echoes;1999
Breakfast of Champions;1999
Cruel Intentions;1999
She's All That;1999
Dogma;1999
The Corruptor;1999
Office Space;1999
The Limey;1999
The Best Man;1999
Election;1999
Limbo;1999
Drive Me Crazy;1999
Held Up;1999
The Omega Code;1999
In Too Deep;1999
Outside Providence;1999
A Dog of Flanders;1999
Go;1999
Bats;1999
The Wood;1999
200 Cigarettes;1999
The Virgin Suicides;1999
Doug's 1st Movie;1999
Love Stinks;1999
The Loss of Sexual Innocence;1999
Dreaming of Joseph Lees;1999
Trippin';1999
Jawbreaker;1999
Just Looking;1999
Jesus' Son;1999
Boys Don't Cry;1999
Happy, Texas;1999
Foolish;1999
The Basket;1999
But I'm a Cheerleader;1999
Speedway Junky;1999
The Blair Witch Project;1999
Beyond the Mat;1999
Twin Falls Idaho;1999
Tumbleweeds;1999
The Woman Chaser;1999
Smiling Fish & Goat on Fire;1999
Dinosaur;2000
How the Grinch Stole Christmas;2000
Mission: Impossible II;2000
The Perfect Storm;2000
The Patriot;2000
Gone in Sixty Seconds;2000
Gladiator;2000
The Emperor's New Groove;2000
The Road to El Dorado;2000
What Lies Beneath;2000
Charlie's Angels;2000
Hollow Man;2000
Mission to Mars;2000
Cast Away;2000
102 Dalmatians;2000
Nutty Professor II: The Klumps;2000
The 6th Day;2000
Little Nicky;2000
Thirteen Days;2000
Battlefield Earth;2000
Red Planet;2000
The Adventures of Rocky & Bullwinkle;2000
X-Men;2000
Vertical Limit;2000
Titan A.E.;2000
Unbreakable;2000
What Women Want;2000
Space Cowboys;2000
The Kid;2000
Proof of Life;2000
The Family Man;2000
The Legend of Bagger Vance;2000
Almost Famous;2000
Supernova;2000
The Flintstones in Viva Rock Vegas;2000
Meet the Parents;2000
Shanghai Noon;2000
Me, Myself & Irene;2000
Erin Brockovich;2000
The Replacements;2000
The Beach;2000
What Planet Are You From?;2000
Traffic;2000
Bedazzled;2000
Miss Congeniality;2000
Coyote Ugly;2000
All the Pretty Horses;2000
Finding Forrester;2000
28 Days;2000
Scream 3;2000
Autumn in New York;2000
Pay It Forward;2000
The Art of War;2000
Bless the Child;2000
Get Carter;2000
Reindeer Games;2000
Isn't She Great;2000
The Cell;2000
Wonder Boys;2000
I Dreamed of Africa;2000
Big Momma's House;2000
The Watcher;2000
Men of Honor;2000
Frequency;2000
Remember the Titans;2000
Keeping the Faith;2000
Dracula 2000;2000
Lost Souls;2000
Romeo Must Die;2000
The Next Best Thing;2000
The Whole Nine Yards;2000
Return to Me;2000
Ready to Rumble;2000
Final Destination;2000
Pitch Black;2000
The Crew;2000
The Tigger Movie;2000
Loser;2000
The Yards;2000
Small Time Crooks;2000
Center Stage;2000
Road Trip;2000
Boys and Girls;2000
Drowning Mona;2000
Duets;2000
The Skulls;2000
Where the Heart Is;2000
Love & Basketball;2000
Book of Shadows: Blair Witch 2;2000
Urban Legends: Final Cut;2000
Highlander: Endgame;2000
Here on Earth;2000
Whatever It Takes;2000
The In Crowd;2000
Gossip;2000
Dude, Where's My Car?;2000
Snow Day;2000
Screwed;2000
Brother;2000
The Ladies Man;2000
Bring It On;2000
Bamboozled;2000
Gun Shy;2000
Next Friday;2000
Down to You;2000
The Contender;2000
Boiler Room;2000
The Way of the Gun;2000
American Psycho;2000
Woman on Top;2000
My Dog Skip;2000
Michael Jordan to the Max;2000
Best in Show;2000
Pollock;2000
Memento;2000
Digimon: The Movie;2000
Requiem for a Dream;2000
3 Strikes;2000
An Everlasting Piece;2000
The Original Kings of Comedy;2000
Whipped;2000
Dinner Rush;2000
Songcatcher;2000
You Can Count on Me;2000
The Broken Hearts Club: A Romantic Comedy;2000
Luminarias;2000
Lisa Picard Is Famous;2000
The Specials;2000
The Young Unknowns;2000
Mercy Streets;2000
Groove;2000
Everything Put Together;2000
Chuck & Buck;2000
Urbania;2000
Tadpole;2000
George Washington;2000
The Fast and the Furious;2001
Pearl Harbor;2001
Final Fantasy: The Spirits Within;2001
Monsters, Inc.;2001
Ali;2001
Planet of the Apes;2001
The Mummy Returns;2001
Black Hawk Down;2001
Lara Croft: Tomb Raider;2001
Jurassic Park III;2001
Rush Hour 2;2001
Atlantis: The Lost Empire;2001
A.I. Artificial Intelligence;2001
Ocean's Eleven;2001
Enemy at the Gates;2001
Swordfish;2001
A Beautiful Mind;2001
Bandits;2001
Monkeybone;2001
Dr. Dolittle 2;2001
The Majestic;2001
Driven;2001
Vanilla Sky;2001
Osmosis Jones;2001
The Score;2001
3000 Miles to Graceland;2001
Cats & Dogs;2001
The Last Castle;2001
Moulin Rouge!;2001
Domestic Disturbance;2001
Shrek;2001
Don't Say a Word;2001
The One;2001
K-PAX;2001
Kate & Leopold;2001
Riding in Cars with Boys;2001
America's Sweethearts;2001
Training Day;2001
Scary Movie 2;2001
From Hell;2001
The Pledge;2001
15 Minutes;2001
A Knight's Tale;2001
Shallow Hal;2001
The Mexican;2001
Behind Enemy Lines;2001
Sweet November;2001
Impostor;2001
Heartbreakers;2001
Angel Eyes;2001
Joe Somebody;2001
Rock Star;2001
Texas Rangers;2001
Spy Kids;2001
Black Knight;2001
The Shipping News;2001
American Outlaws;2001
Exit Wounds;2001
Hearts in Atlantis;2001
American Pie 2;2001
The Princess Diaries;2001
Down to Earth;2001
Blow;2001
What's the Worst That Could Happen?;2001
Antitrust;2001
Along Came a Spider;2001
The Royal Tenenbaums;2001
Serendipity;2001
Ghosts of Mars;2001
The Curse of the Jade Scorpion;2001
Jimmy Neutron: Boy Genius;2001
Say It Isn't So;2001
Double Take;2001
Someone Like You...;2001
Joy Ride;2001
The Animal;2001
I Am Sam;2001
Saving Silverman;2001
Jay and Silent Bob Strike Back;2001
The Glass House;2001
Megiddo: The Omega Code 2;2001
Hardball;2001
Thir13en Ghosts;2001
Legally Blonde;2001
Life as a House;2001
The Tailor of Panama;2001
The Others;2001
Summer Catch;2001
See Spot Run;2001
Baby Boy;2001
Joe Dirt;2001
Madison;2001
Not Another Teen Movie;2001
Freddy Got Fingered;2001
Knockaround Guys;2001
Jason X;2001
Head Over Heels;2001
Soul Survivors;2001
The Caveman's Valentine;2001
Save the Last Dance;2001
Two Can Play That Game;2001
Crazy/Beautiful;2001
Bubble Boy;2001
How High;2001
Max Keeble's Big Move;2001
Corky Romano;2001
Out Cold;2001
Tomcats;2001
Frailty;2001
O;2001
Recess: School's Out;2001
Valentine;2001
Get Over It;2001
On the Line;2001
Glitter;2001
The Other Side of Heaven;2001
The Brothers;2001
Hedwig and the Angry Inch;2001
Novocaine;2001
The Business of Strangers;2001
Ghost World;2001
Harvard Man;2001
The Forsaken;2001
Made;2001
Donnie Darko;2001
Monster's Ball;2001
The Wash;2001
Pootie Tang;2001
Thirteen Conversations About One Thing;2001
Bully;2001
In the Bedroom;2001
Kissing Jessica Stein;2001
The Believer;2001
Session 9;2001
Super Troopers;2001
Down and Out with the Dolls;2001
Brigham City;2001
The Jimmy Show;2001
L.I.E.;2001
Never Again;2001
Dogtown and Z-Boys;2001
Lovely & Amazing;2001
American Desi;2001
The Lost Skeleton of Cadavra;2001
Men in Black II;2002
Spider-Man;2002
Stuart Little 2;2002
Star Wars: Episode II - Attack of the Clones;2002
Windtalkers;2002
Minority Report;2002
Treasure Planet;2002
The Adventures of Pluto Nash;2002
Gangs of New York;2002
The Lord of the Rings: The Two Towers;2002
Collateral Damage;2002
Scooby-Doo;2002
Lilo & Stitch;2002
Road to Perdition;2002
Spirit: Stallion of the Cimarron;2002
The Time Machine;2002
Signs;2002
xXx;2002
We Were Soldiers;2002
Bad Company;2002
I Spy;2002
Hart's War;2002
Rollerball;2002
Ballistic: Ecks vs. Sever;2002
The Sum of All Fears;2002
Ice Age;2002
The Santa Clause 2;2002
Austin Powers in Goldmember;2002
The Bourne Identity;2002
Two Weeks Notice;2002
The Scorpion King;2002
The Tuxedo;2002
Reign of Fire;2002
Star Trek: Nemesis;2002
Analyze That;2002
Dragonfly;2002
Maid in Manhattan;2002
Eye See You;2002
Blade II;2002
Catch Me If You Can;2002
Mr. Deeds;2002
Unfaithful;2002
Murder by Numbers;2002
Blood Work;2002
Panic Room;2002
Insomnia;2002
Changing Lanes;2002
Big Trouble;2002
The Sweetest Thing;2002
High Crimes;2002
The Mothman Prophecies;2002
8 Mile;2002
City by the Sea;2002
Life or Something Like It;2002
Sweet Home Alabama;2002
Spy Kids 2: Island of Lost Dreams;2002
Enough;2002
John Q;2002
Queen of the Damned;2002
Chicago;2002
About Schmidt;2002
Like Mike;2002
Blue Crush;2002
Eight Legged Freaks;2002
Confessions of a Dangerous Mind;2002
Divine Secrets of the Ya-Ya Sisterhood;2002
Clockstoppers;2002
The Wild Thornberrys Movie;2002
Undercover Brother;2002
The Hours;2002
Punch-Drunk Love;2002
Stealing Harvard;2002
Abandon;2002
The Rookie;2002
Moonlight Mile;2002
Drumline;2002
Return to Never Land;2002
Ghost Ship;2002
The Country Bears;2002
Undisputed;2002
Equilibrium;2002
People I Know;2002
Adaptation.;2002
The Salton Sea;2002
City of Ghosts;2002
40 Days and 40 Nights;2002
They;2002
The Master of Disguise;2002
White Oleander;2002
Hollywood Ending;2002
Juwanna Mann;2002
Big Fat Liar;2002
Halloween: Resurrection;2002
Tuck Everlasting;2002
Dark Blue;2002
Boat Trip;2002
Jonah: A VeggieTales Movie;2002
All About the Benjamins;2002
Far from Heaven;2002
The New Guy;2002
Antwone Fisher;2002
The Emperor's Club;2002
Barbershop;2002
Crossroads;2002
One Hour Photo;2002
Frida;2002
Sorority Boys;2002
The Dangerous Lives of Altar Boys;2002
Welcome to Collinwood;2002
Cypher;2002
Phone Booth;2002
A Walk to Remember;2002
Darkness;2002
Friday After Next;2002
The Banger Sisters;2002
Swimfan;2002
Kung Pow: Enter the Fist;2002
Hey Arnold! The Movie;2002
Deuces Wild;2002
Igby Goes Down;2002
Brown Sugar;2002
The Good Girl;2002
Narc;2002
Auto Focus;2002
Gerry;2002
Sunshine State;2002
Jackass: The Movie;2002
My Big Fat Greek Wedding;2002
25th Hour;2002
Spun;2002
The Rules of Attraction;2002
Secretary;2002
Poolhall Junkies;2002
Martin Lawrence Live: Runteldat;2002
Real Women Have Curves;2002
Full Frontal;2002
Highway;2002
May;2002
Stolen Summer;2002
Sex with Strangers;2002
Bubba Ho-Tep;2002
Blue Car;2002
Time Changer;2002
Interview with the Assassin;2002
Crop Circles: Quest for Truth;2002
The Singles Ward;2002
Civil Brand;2002
The Slaughter Rule;2002
Fabled;2002
Better Luck Tomorrow;2002
The Business of Fancydancing;2002
Funny Ha Ha;2002
Manito;2002
Terminator 3: Rise of the Machines;2003
The Matrix Reloaded;2003
The Last Samurai;2003
Hulk;2003
Master and Commander: The Far Side of the World;2003
Bad Boys II;2003
Pirates of the Caribbean: The Curse of the Black Pearl;2003
Charlie's Angels: Full Throttle;2003
The Cat in the Hat;2003
Finding Nemo;2003
The Lord of the Rings: The Return of the King;2003
The Haunted Mansion;2003
Lara Croft Tomb Raider: The Cradle of Life;2003
Seabiscuit;2003
The Rundown;2003
The Core;2003
Bruce Almighty;2003
Something's Gotta Give;2003
Cold Mountain;2003
Timeline;2003
2 Fast 2 Furious;2003
The League of Extraordinary Gentlemen;2003
Tears of the Sun;2003
Hollywood Homicide;2003
S.W.A.T.;2003
Big Fish;2003
Dreamcatcher;2003
Mona Lisa Smile;2003
Daddy Day Care;2003
The Italian Job;2003
Kangaroo Jack;2003
Paycheck;2003
Intolerable Cruelty;2003
Sinbad: Legend of the Seven Seas;2003
Beyond Borders;2003
American Wedding;2003
Kill Bill: Vol. 1;2003
The Hunted;2003
Stuck on You;2003
Gods and Generals;2003
Gigli;2003
Bulletproof Monk;2003
How to Lose a Guy in 10 Days;2003
Shanghai Knights;2003
Out of Time;2003
The Life of David Gale;2003
Scary Movie 3;2003
Spy Kids 3-D: Game Over;2003
Cheaper by the Dozen;2003
Gothika;2003
Duplex;2003
A Man Apart;2003
Head of State;2003
Radio;2003
The Order;2003
Elf;2003
Mystic River;2003
Secondhand Lions;2003
Dumb and Dumberer: When Harry Met Lloyd;2003
Alex & Emma;2003
Once Upon a Time in Mexico;2003
Identity;2003
Freaky Friday;2003
Open Range;2003
Final Destination 2;2003
Freddy vs. Jason;2003
Legally Blonde 2: Red, White & Blonde;2003
Agent Cody Banks;2003
Rugrats Go Wild;2003
What a Girl Wants;2003
Jeepers Creepers II;2003
Cradle 2 the Grave;2003
Old School;2003
Bringing Down the House;2003
School of Rock;2003
Holes;2003
The Jungle Book 2;2003
21 Grams;2003
A Guy Thing;2003
Marci X;2003
Just Married;2003
Bad Santa;2003
Under the Tuscan Sun;2003
Honey;2003
Anything Else;2003
Good Boy!;2003
Dickie Roberts: Former Child Star;2003
House of Sand and Fog;2003
How to Deal;2003
The Lizzie McGuire Movie;2003
Malibu's Most Wanted;2003
Confidence;2003
My Boss's Daughter;2003
From Justin to Kelly;2003
Wrong Turn;2003
The Brown Bunny;2003
Chasing Papi;2003
The Singing Detective;2003
Masked and Anonymous;2003
Darkness Falls;2003
House of 1000 Corpses;2003
Shade;2003
A Mighty Wind;2003
Shattered Glass;2003
11:14;2003
Wonderland;2003
Monster;2003
Party Monster;2003
Lost in Translation;2003
The Cooler;2003
The Real Cancun;2003
DysFunktional Family;2003
American Splendor;2003
Thirteen;2003
The Book of Mormon Movie, Volume 1: The Journey;2003
This Thing of Ours;2003
Northfork;2003
I Love Your Work;2003
The Hebrew Hammer;2003
Grand Theft Parsons;2003
All the Real Girls;2003
The Battle of Shaker Heights;2003
Latter Days;2003
The Mudge Boy;2003
Saints and Soldiers;2003
Open Water;2003
The Station Agent;2003
The R.M.;2003
Gory Gory Hallelujah;2003
Tarnation;2003
Tupac: Resurrection;2003
Pieces of April;2003
Malevolence;2003
The Work and the Story;2003
Flywheel;2003
Spider-Man 2;2004
The Polar Express;2004
Troy;2004
The Day After Tomorrow;2004
The Chronicles of Riddick;2004
Ocean's Twelve;2004
The Aviator;2004
Home on the Range;2004
Around the World in 80 Days;2004
I, Robot;2004
National Treasure;2004
Catwoman;2004
The Stepford Wives;2004
The Alamo;2004
The Incredibles;2004
The Bourne Supremacy;2004
The Manchurian Candidate;2004
Hidalgo;2004
50 First Dates;2004
Exorcist: The Beginning;2004
The Terminal;2004
Shark Tale;2004
Spanglish;2004
Flight of the Phoenix;2004
The Village;2004
Shrek 2;2004
AVP: Alien vs. Predator;2004
Sky Captain and the World of Tomorrow;2004
Blade: Trinity;2004
Meet the Fockers;2004
Collateral;2004
Ladder 49;2004
Man on Fire;2004
Starsky & Hutch;2004
Hellboy;2004
After the Sunset;2004
Walking Tall;2004
Kill Bill: Vol. 2;2004
Garfield;2004
Christmas with the Kranks;2004
Raising Helen;2004
The Life Aquatic with Steve Zissou;2004
The Big Bounce;2004
The Princess Diaries 2: Royal Engagement;2004
Fat Albert;2004
Cellular;2004
Along Came Polly;2004
Ray;2004
Shall We Dance;2004
Secret Window;2004
Torque;2004
New York Minute;2004
The Last Shot;2004
Against the Ropes;2004
The Ladykillers;2004
Closer;2004
Jersey Girl;2004
Ella Enchanted;2004
The Punisher;2004
George and the Dragon;2004
Dodgeball: A True Underdog Story;2004
The SpongeBob SquarePants Movie;2004
Million Dollar Baby;2004
The Notebook;2004
Without a Paddle;2004
13 Going on 30;2004
The Prince and Me;2004
Little Black Book;2004
Mr 3000;2004
The Whole Ten Yards;2004
Wicker Park;2004
Godsend;2004
Chasing Liberty;2004
The Merchant of Venice;2004
Miracle;2004
Dawn of the Dead;2004
Suspect Zero;2004
Mindhunters;2004
In Good Company;2004
Agent Cody Banks 2: Destination London;2004
Welcome to Mooseport;2004
The Passion of the Christ;2004
Scooby-Doo 2: Monsters Unleashed;2004
Finding Neverland;2004
Anchorman: The Legend of Ron Burgundy;2004
Anacondas: The Hunt for the Blood Orchid;2004
EuroTrip;2004
The Girl Next Door;2004
Win a Date with Tad Hamilton!;2004
Beyond the Sea;2004
Vanity Fair;2004
I Heart Huckabees;2004
White Chicks;2004
Team America: World Police;2004
Eternal Sunshine of the Spotless Mind;2004
Paparazzi;2004
Envy;2004
Connie and Carla;2004
Birth;2004
A Cinderella Story;2004
Barbershop 2: Back in Business;2004
Mean Girls;2004
Catch That Kid;2004
Sideways;2004
Bobby Jones: Stroke of Genius;2004
The Cookout;2004
Soul Plane;2004
De-Lovely;2004
Raise Your Voice;2004
The Butterfly Effect;2004
Johnson Family Vacation;2004
My Baby's Daddy;2004
Kinsey;2004
The Grudge;2004
Sleepover;2004
Teacher's Pet;2004
Imaginary Heroes;2004
Eulogy;2004
Harold & Kumar Go to White Castle;2004
Breakin' All the Rules;2004
Club Dread;2004
You Got Served;2004
The Work and the Glory;2004
A Home at the End of the World;2004
Fahrenheit 9/11;2004
Saved!;2004
What the #$*! Do We (K)now!?;2004
D.E.B.S.;2004
Woman Thou Art Loosed;2004
Brave New Girl;2004
Riding Giants;2004
Garden State;2004
Saving Face;2004
Before Sunset;2004
House of D;2004
Saw;2004
Guiana 1838;2004
Proud;2004
Mean Creek;2004
Napoleon Dynamite;2004
Fighting Tommy Riley;2004
November;2004
On the Outs;2004
Short Cut to Nirvana: Kumbh Mela;2004
An American Girl Holiday;2004
Peace, Propaganda & the Promised Land;2004
Super Size Me;2004
On the Downlow;2004
Primer;2004
My Date with Drew;2004
The Chronicles of Narnia: The Lion, the Witch and the Wardrobe;2005
Charlie and the Chocolate Factory;2005
Batman Begins;2005
Fun with Dick and Jane;2005
Stealth;2005
War of the Worlds;2005
Star Wars: Episode III - Revenge of the Sith;2005
Mr. & Mrs. Smith;2005
Kingdom of Heaven;2005
The Island;2005
Son of the Mask;2005
Cinderella Man;2005
Memoirs of a Geisha;2005
The Longest Yard;2005
Robots;2005
The Legend of Zorro;2005
The Brothers Grimm;2005
Madagascar;2005
Be Cool;2005
Hostage;2005
Zathura: A Space Adventure;2005
Chicken Little;2005
Cheaper by the Dozen 2;2005
Miss Congeniality 2: Armed and Fabulous;2005
xXx: State of the Union;2005
Dark Water;2005
The Great Raid;2005
Just Like Heaven;2005
Hitch;2005
Flightplan;2005
Æon Flux;2005
Elizabethtown;2005
The Dukes of Hazzard;2005
The Ring Two;2005
V for Vendetta;2005
Herbie Fully Loaded;2005
Syriana;2005
The Adventures of Sharkboy and Lavagirl 3-D;2005
Man of the House;2005
Into the Blue;2005
Coach Carter;2005
Kicking & Screaming;2005
The Hitchhiker's Guide to the Galaxy;2005
The Producers;2005
Lord of War;2005
Sin City;2005
The Skeleton Key;2005
Fever Pitch;2005
Get Rich or Die Tryin';2005
Rent;2005
Serenity;2005
Guess Who;2005
Sky High;2005
Must Love Dogs;2005
Cursed;2005
Goal! The Dream Begins;2005
Dreamer: Inspired by a True Story;2005
A History of Violence;2005
Four Brothers;2005
Racing Stripes;2005
Corpse Bride;2005
Assault on Precinct 13;2005
North Country;2005
The Cave;2005
The New World;2005
An Unfinished Life;2005
Supercross;2005
Walk the Line;2005
The Jacket;2005
The 40-Year-Old Virgin;2005
Red Eye;2005
Hide and Seek;2005
Nanny McPhee;2005
The Sisterhood of the Traveling Pants;2005
Beauty Shop;2005
Ice Princess;2005
A Lot Like Love;2005
The Greatest Game Ever Played;2005
Lords of Dogtown;2005
Underclassman;2005
King's Ransom;2005
BloodRayne;2005
Derailed;2005
Deuce Bigalow: European Gigolo;2005
Are We There Yet?;2005
Boogeyman;2005
Pooh's Heffalump Movie;2005
The Weather Man;2005
The Game of Their Lives;2005
The Amityville Horror;2005
The Exorcism of Emily Rose;2005
The Family Stone;2005
Hoodwinked!;2005
Slow Burn;2005
The Wedding Date;2005
Because of Winn-Dixie;2005
Kiss Kiss Bang Bang;2005
Brokeback Mountain;2005
The Upside of Anger;2005
Duma;2005
Romance & Cigarettes;2005
Roll Bounce;2005
The Perfect Man;2005
The Matador;2005
End of the Spear;2005
Edmond;2005
The Lost City;2005
Trust the Man;2005
Down in the Valley;2005
The Wendell Baker Story;2005
Thank You for Smoking;2005
Shopgirl;2005
Good Night, and Good Luck.;2005
The Devil's Rejects;2005
The Chumscrubber;2005
The Work and the Glory II: American Zion;2005
Diary of a Mad Black Woman;2005
Saw II;2005
Hostel;2005
Thumbsucker;2005
Winter Passing;2005
Feast;2005
Dave Chappelle's Block Party;2005
My Big Fat Independent Movie;2005
Boynton Beach Club;2005
Hustle & Flow;2005
Me and You and Everyone We Know;2005
Harsh Times;2005
Inside Deep Throat;2005
The Squid and the Whale;2005
The Ballad of Jack and Rose;2005
The Salon;2005
Forty Shades of Blue;2005
Wal-Mart: The High Cost of Low Price;2005
Waiting...;2005
Cry_Wolf;2005
Transamerica;2005
The Helix... Loaded;2005
Hard Candy;2005
The Quiet;2005
Rize;2005
Mad Hot Ballroom;2005
Lonesome Jim;2005
The Californians;2005
Insomnia Manica;2005
Murderball;2005
The Motel;2005
The Blood of My Brother;2005
The Call of Cthulhu;2005
Mutual Appreciation;2005
The Puffy Chair;2005
The Mongol King;2005
Superman Returns;2006
Pirates of the Caribbean: Dead Man's Chest;2006
Poseidon;2006
Mission: Impossible III;2006
The Da Vinci Code;2006
Night at the Museum;2006
Eragon;2006
The Departed;2006
Happy Feet;2006
The Holiday;2006
Open Season;2006
The Fast and the Furious: Tokyo Drift;2006
Click;2006
Over the Hedge;2006
Charlotte's Web;2006
The Pink Panther;2006
Children of Men;2006
Ice Age: The Meltdown;2006
Dreamgirls;2006
Monster House;2006
Talladega Nights: The Ballad of Ricky Bobby;2006
Cars;2006
Lady in the Water;2006
World Trade Center;2006
We Are Marshall;2006
Littleman;2006
300;2006
The Shaggy Dog;2006
The Sentinel;2006
The Pursuit of Happyness;2006
You, Me and Dupree;2006
Flags of Our Fathers;2006
The Break-Up;2006
Deck the Halls;2006
Inside Man;2006
Failure to Launch;2006
Curious George;2006
Firewall;2006
The Tooth Fairy;2006
Happily N'Ever After;2006
Last Holiday;2006
The Ant Bully;2006
Underworld: Evolution;2006
Scary Movie 4;2006
Eight Below;2006
Big Momma's House 2;2006
The Prestige;2006
Apocalypto;2006
The Lake House;2006
Marie Antoinette;2006
The Devil Wears Prada;2006
The Benchwarmers;2006
The Nativity Story;2006
Zoom;2006
A Good Year;2006
The Fountain;2006
The Good German;2006
Glory Road;2006
Stranger Than Fiction;2006
Take the Lead;2006
Gridiron Gang;2006
My Super Ex-Girlfriend;2006
Ultraviolet;2006
DOA: Dead or Alive;2006
Just My Luck;2006
She's the Man;2006
Unaccompanied Minors;2006
The Hoax;2006
Rocky Balboa;2006
Pulse;2006
Date Movie;2006
The Grudge 2;2006
Man of the Year;2006
Stay Alive;2006
The Covenant;2006
School for Scoundrels;2006
One Night with the King;2006
Doogal;2006
A Scanner Darkly;2006
Borat: Cultural Learnings of America for Make Benefit Glorious Nation of Kazakhstan;2006
United 93;2006
Beerfest;2006
The Hills Have Eyes;2006
ATL;2006
Larry the Cable Guy: Health Inspector;2006
American Dreamz;2006
The Illusionist;2006
Fur: An Imaginary Portrait of Diane Arbus;2006
The Texas Chainsaw Massacre: The Beginning;2006
When a Stranger Calls;2006
Flicka;2006
The Marine;2006
Idlewild;2006
Black Snake Moan;2006
Hoot;2006
Bobby;2006
Little Children;2006
Letters from Iwo Jima;2006
The Astronaut Farmer;2006
Infamous;2006
Step Up;2006
Aquamarine;2006
Crank;2006
For Your Consideration;2006
Running with Scissors;2006
Jackass Number Two;2006
Copying Beethoven;2006
Saw III;2006
Madea's Family Reunion;2006
Employee of the Month;2006
A Prairie Home Companion;2006
Rescue Dawn;2006
Black Christmas;2006
The Ultimate Gift;2006
The Namesake;2006
Little Miss Sunshine;2006
Akeelah and the Bee;2006
10th & Wolf;2006
Factory Girl;2006
Friends with Money;2006
Come Early Morning;2006
Lake of Fire;2006
Crossover;2006
Clerks II;2006
Grandma's Boy;2006
Keeping Up with the Steins;2006
The Oh in Ohio;2006
Farce of the Penguins;2006
High School Musical;2006
The Night Listener;2006
Let's Go to Prison;2006
Ira & Abby;2006
The Dead Girl;2006
Bella;2006
Phat Girlz;2006
Love's Abiding Joy;2006
Beer League;2006
Valley of the Heart's Delight;2006
Eye of the Dolphin;2006
Idiocracy;2006
Shortbus;2006
Sherrybaby;2006
I Want Someone to Eat Cheese With;2006
Hatchet;2006
Journey from the Fall;2006
An Inconvenient Truth;2006
Who Killed the Electric Car?;2006
Wristcutters: A Love Story;2006
Alone with Her;2006
Special;2006
Loving Annabelle;2006
Jimmy and Judy;2006
The Pet;2006
Iraq for Sale: The War Profiteers;2006
All the Boys Love Mandy Lane;2006
Half Nelson;2006
Wordplay;2006
Poultrygeist: Night of the Chicken Dead;2006
Quinceañera;2006
Old Joy;2006
Little Big Top;2006
The Trials of Darryl Hunt;2006
Facing the Giants;2006
The Naked Ape;2006
Pirates of the Caribbean: At World's End;2007
Spider-Man 3;2007
The Golden Compass;2007
Rush Hour 3;2007
Evan Almighty;2007
Shrek the Third;2007
Transformers;2007
I Am Legend;2007
Ratatouille;2007
Bee Movie;2007
Beowulf;2007
The Bourne Ultimatum;2007
Fantastic 4: Rise of the Silver Surfer;2007
Ghost Rider;2007
Live Free or Die Hard;2007
American Gangster;2007
Surf's Up;2007
Enchanted;2007
Ocean's Thirteen;2007
Zodiac;2007
The Invasion;2007
Hairspray;2007
Charlie Wilson's War;2007
The Kingdom;2007
The Simpsons Movie;2007
Blades of Glory;2007
Wild Hogs;2007
Shooter;2007
Alvin and the Chipmunks;2007
Grindhouse;2007
Lucky You;2007
Eastern Promises;2007
3:10 to Yuma;2007
The Bucket List;2007
Across the Universe;2007
Love in the Time of Cholera;2007
Aliens vs. Predator: Requiem;2007
Music and Lyrics;2007
The Reaping;2007
Disturbia;2007
The Hunting Party;2007
Because I Said So;2007
License to Wed;2007
Lions for Lambs;2007
Walk Hard: The Dewey Cox Story;2007
The Number 23;2007
P.S. I Love You;2007
30 Days of Night;2007
88 Minutes;2007
The Assassination of Jesse James by the Coward Robert Ford;2007
No Reservations;2007
We Own the Night;2007
Knocked Up;2007
Rendition;2007
Martian Child;2007
No Country for Old Men;2007
Bridge to Terabithia;2007
There Will Be Blood;2007
Good Luck Chuck;2007
August Rush;2007
War;2007
Hot Rod;2007
In the Valley of Elah;2007
1408;2007
The Game Plan;2007
Michael Clayton;2007
Death at a Funeral;2007
Premonition;2007
Epic Movie;2007
Nancy Drew;2007
Georgia Rule;2007
Reign Over Me;2007
Into the Wild;2007
The Kite Runner;2007
Death Sentence;2007
Code Name: The Cleaner;2007
I'm Not There.;2007
The Touch;2007
Superbad;2007
Sydney White;2007
Things We Lost in the Fire;2007
Why Did I Get Married?;2007
The Great Debaters;2007
The Hills Have Eyes II;2007
U2 3D;2007
A Mighty Heart;2007
Blood and Chocolate;2007
Funny Games;2007
The Good Night;2007
Stomp the Yard;2007
I Think I Love My Wife;2007
This Christmas;2007
The Mist;2007
Resurrecting the Champ;2007
Lars and the Real Girl;2007
Charlie Bartlett;2007
Married Life;2007
The Life Before Her Eyes;2007
In the Land of Women;2007
September Dawn;2007
Saw IV;2007
Reno 911!: Miami;2007
The Brothers Solomon;2007
Blonde Ambition;2007
White Noise 2: The Light;2007
Sicko;2007
The Savages;2007
Gracie;2007
Awake;2007
Brooklyn Rules;2007
The Death and Life of Bobby Z;2007
Hostel: Part II;2007
Ta Ra Rum Pum;2007
Juno;2007
Who's Your Caddy?;2007
High School Musical 2;2007
Daddy Day Camp;2007
The Ten;2007
Redacted;2007
You Kill Me;2007
Purple Violets;2007
Diary of the Dead;2007
Timber Falls;2007
The Last Sin Eater;2007
No End in Sight;2007
Teeth;2007
Rockaway;2007
Slacker Uprising;2007
Sublime;2007
Waitress;2007
Snow Angels;2007
My Name Is Bruce;2007
Certifiably Jonathan;2007
Taxi to the Dark Side;2007
And Then Came Love;2007
The Hammer;2007
Aqua Teen Hunger Force Colon Movie Film for Theaters;2007
Arnolds Park;2007
Finishing the Game: The Search for a New Bruce Lee;2007
Kiss the Bride;2007
The Living Wake;2007
Paranormal Activity;2007
Shotgun Stories;2007
Jesus People;2007
The Man from Earth;2007
The Legend of God's Gun;2007
The Chronicles of Narnia: Prince Caspian;2008
Indiana Jones and the Kingdom of the Crystal Skull;2008
WALL·E;2008
The Dark Knight;2008
Iron Man;2008
The Mummy: Tomb of the Dragon Emperor;2008
The Curious Case of Benjamin Button;2008
Hancock;2008
Madagascar: Escape 2 Africa;2008
Bolt;2008
The Incredible Hulk;2008
Kung Fu Panda;2008
Speed Racer;2008
The Spiderwick Chronicles;2008
Tropic Thunder;2008
Valkyrie;2008
You Don't Mess with the Zohan;2008
Jumper;2008
Hellboy II: The Golden Army;2008
Get Smart;2008
Bedtime Stories;2008
Eagle Eye;2008
The Day the Earth Stood Still;2008
Wanted;2008
Fool's Gold;2008
Body of Lies;2008
Step Brothers;2008
Death Race;2008
The Love Guru;2008
Marley & Me;2008
The Happening;2008
Righteous Kill;2008
Meet Dave;2008
The Spirit;2008
Leatherheads;2008
The Forbidden Kingdom;2008
Semi-Pro;2008
Changeling;2008
Seven Pounds;2008
Mamma Mia!;2008
Yes Man;2008
Journey to the Center of the Earth;2008
Revolutionary Road;2008
Miracle at St. Anna;2008
Bangkok Dangerous;2008
Vantage Point;2008
Made of Honor;2008
Drillbit Taylor;2008
Soul Men;2008
Delgo;2008
City of Ember;2008
The Express;2008
Burn After Reading;2008
Nim's Island;2008
Twilight;2008
Space Chimps;2008
21;2008
Mirrors;2008
Untraceable;2008
The X Files: I Want to Believe;2008
Superhero Movie;2008
Punisher: War Zone;2008
The Reader;2008
27 Dresses;2008
Forgetting Sarah Marshall;2008
Baby Mama;2008
Meet the Spartans;2008
Pride and Glory;2008
Frost/Nixon;2008
Welcome Home, Roscoe Jenkins;2008
The Sisterhood of the Traveling Pants 2;2008
What Just Happened;2008
Pineapple Express;2008
Gran Torino;2008
W.;2008
Cloverfield;2008
The House Bunny;2008
The Ruins;2008
Stop-Loss;2008
Zack and Miri Make a Porno;2008
The Longshots;2008
Mad Money;2008
Never Back Down;2008
Swing Vote;2008
Beverly Hills Chihuahua;2008
Lakeview Terrace;2008
Doubt;2008
Milk;2008
Street Kings;2008
Appaloosa;2008
My Best Friend's Girl;2008
Disaster Movie;2008
Ghost Town;2008
An American Carol;2008
Strange Wilderness;2008
Flash of Genius;2008
The Brothers Bloom;2008
Synecdoche, New York;2008
Sex Drive;2008
Prom Night;2008
Step Up 2: The Streets;2008
The Women;2008
The Yellow Handkerchief;2008
The Hurt Locker;2008
The Pirates Who Don't Do Anything: A VeggieTales Movie;2008
The Rocker;2008
The Midnight Meat Train;2008
The Lucky Ones;2008
Harold & Kumar Escape from Guantanamo Bay;2008
Quarantine;2008
The Eye;2008
Rachel Getting Married;2008
Cadillac Records;2008
Two Lovers;2008
High School Musical 3: Senior Year;2008
The Secret Life of Bees;2008
Saw V;2008
Nick and Norah's Infinite Playlist;2008
Kit Kittredge: An American Girl;2008
Over Her Dead Body;2008
War, Inc.;2008
Hamlet 2;2008
Repo! The Genetic Opera;2008
Shutter;2008
Pathology;2008
Witless Protection;2008
Redbelt;2008
Stargate: The Ark of Truth;2008
The Wrestler;2008
College;2008
The Wackness;2008
Surfer, Dude;2008
The Haunting of Molly Hartley;2008
Sunshine Cleaning;2008
Bottle Shock;2008
Standard Operating Procedure;2008
Lovely, Still;2008
Train;2008
The Betrayed;2008
Choke;2008
Religulous;2008
Fuel;2008
Sleep Dealer;2008
Impact Point;2008
No Man's Land: The Rise of Reeker;2008
Trucker;2008
Extreme Movie;2008
Shine a Light;2008
Food, Inc.;2008
Frozen River;2008
The Poker House;2008
Childless;2008
Harrison Montgomery;2008
Fireproof;2008
What Happens in Vegas;2008
Wendy and Lucy;2008
Sunday School Musical;2008
Call + Response;2008
Baghead;2008
Good Dick;2008
Yesterday Was a Lie;2008
Avatar;2009
Transformers: Revenge of the Fallen;2009
Terminator Salvation;2009
2012;2009
A Christmas Carol;2009
Up;2009
Monsters vs. Aliens;2009
G.I. Joe: The Rise of Cobra;2009
Night at the Museum: Battle of the Smithsonian;2009
X-Men Origins: Wolverine;2009
Angels & Demons;2009
G-Force;2009
Star Trek;2009
Watchmen;2009
The Princess and the Frog;2009
Public Enemies;2009
The Taking of Pelham 1 2 3;2009
Land of the Lost;2009
The Lovely Bones;2009
Cloudy with a Chance of Meatballs;2009
Ice Age: Dawn of the Dinosaurs;2009
Sherlock Holmes;2009
It's Complicated;2009
Surrogates;2009
Nine;2009
Hotel for Dogs;2009
Carriers;2009
Funny People;2009
Inglourious Basterds;2009
Alvin and the Chipmunks: The Squeakquel;2009
Couples Retreat;2009
This Is It;2009
Coraline;2009
Year One;2009
Invictus;2009
State of Play;2009
Duplicity;2009
Did You Hear About the Morgans?;2009
Imagine That;2009
Law Abiding Citizen;2009
The Twilight Saga: New Moon;2009
Knowing;2009
Race to Witch Mountain;2009
Ninja Assassin;2009
The International;2009
Gamer;2009
Aliens in the Attic;2009
Brüno;2009
The Proposal;2009
He's Just Not That Into You;2009
Julie & Julia;2009
I Love You, Man;2009
17 Again;2009
The Final Destination;2009
Fantastic Mr. Fox;2009
Cirque du Freak: The Vampire's Assistant;2009
The Time Traveler's Wife;2009
The Ugly Truth;2009
Precious;2009
The Hangover;2009
The Blind Side;2009
Old Dogs;2009
Underworld: Rise of the Lycans;2009
Whiteout;2009
Black Water Transit;2009
Hannah Montana: The Movie;2009
Up in the Air;2009
Bride Wars;2009
Drag Me to Hell;2009
9;2009
Dragonball: Evolution;2009
Taking Woodstock;2009
My Sister's Keeper;2009
Case 39;2009
Paul Blart: Mall Cop;2009
Dance Flick;2009
The Box;2009
The Road;2009
Bad Lieutenant: Port of Call New Orleans;2009
The Men Who Stare at Goats;2009
Zombieland;2009
The Informant!;2009
Away We Go;2009
Orphan;2009
The Stepfather;2009
Shorts;2009
Capitalism: A Love Story;2009
Armored;2009
Crank: High Voltage;2009
12 Rounds;2009
Everybody's Fine;2009
Bandslam;2009
I Can Do Bad All by Myself;2009
The Invention of Lying;2009
Observe and Report;2009
Love Happens;2009
Fame;2009
Youth in Revolt;2009
Madea Goes to Jail;2009
Brooklyn's Finest;2009
My Life in Ruins;2009
The Unborn;2009
Jennifer's Body;2009
Hachi: A Dog's Tale;2009
Halloween II;2009
The Last House on the Left;2009
All About Steve;2009
Whip It;2009
Post Grad;2009
Whatever Works;2009
My Bloody Valentine;2009
A Perfect Getaway;2009
Chloe;2009
Brothers;2009
Sorority Row;2009
Solitary Man;2009
The Fourth Kind;2009
The Goods: Live Hard, Sell Hard;2009
The Joneses;2009
World's Greatest Dad;2009
The Open Road;2009
The Good Guy;2009
Motherhood;2009
The Janky Promoters;2009
The Devil's Tomb;2009
Adventureland;2009
Gentlemen Broncos;2009
Princess Kaiulani;2009
Veronika Decides to Die;2009
Crazy Heart;2009
New in Town;2009
The Boondock Saints II: All Saints Day;2009
The City of Your Final Destination;2009
Extract;2009
The Hole;2009
500 Days of Summer;2009
A Serious Man;2009
Get Low;2009
A Single Man;2009
The Mighty Macs;2009
Mother and Child;2009
I Hope They Serve Beer in Hell;2009
The Messenger;2009
City Island;2009
Miss March;2009
The Greatest;2009
Don McKay;2009
Not Easily Broken;2009
Dead Like Me: Life After Death;2009
Flying By;2009
Life During Wartime;2009
After.Life;2009
Survival of the Dead;2009
Down for Life;2009
2:13;2009
Adam;2009
Next Day Air;2009
Chain Letter;2009
The Deported;2009
Tanner Hall;2009
Chicago Overcoat;2009
Saint John of Las Vegas;2009
The Missing Person;2009
Forget Me Not;2009
The House of the Devil;2009
16 to Life;2009
Frat Party;2009
ZMD: Zombies of Mass Destruction;2009
Steppin: The Movie;2009
Bled;2009
B-Girl;2009
To Save a Life;2009
My Dog Tulip;2009
Royal Kill;2009
Ink;2009
The Horse Boy;2009
The Exploding Girl;2009
Breaking Upwards;2009
Tangled;2010
Robin Hood;2010
Alice in Wonderland;2010
TRON: Legacy;2010
Toy Story 3;2010
Prince of Persia: The Sands of Time;2010
Iron Man 2;2010
Shrek Forever After;2010
How to Train Your Dragon;2010
Inception;2010
The Sorcerer's Apprentice;2010
The Chronicles of Narnia: The Voyage of the Dawn Treader;2010
The Wolfman;2010
The Last Airbender;2010
Salt;2010
Megamind;2010
Clash of the Titans;2010
How Do You Know;2010
Knight and Day;2010
Gulliver's Travels;2010
Little Fockers;2010
The Other Guys;2010
The Tourist;2010
Legend of the Guardians: The Owls of Ga'Hoole;2010
Sex and the City 2;2010
Unstoppable;2010
Scott Pilgrim vs. the World;2010
Cats & Dogs: The Revenge of Kitty Galore;2010
The Expendables;2010
Shutter Island;2010
The Book of Eli;2010
Yogi Bear;2010
Grown Ups;2010
Killers;2010
Wall Street: Money Never Sleeps;2010
The Twilight Saga: Eclipse;2010
Despicable Me;2010
Dinner for Schmucks;2010
Due Date;2010
Eat Pray Love;2010
RED;2010
Date Night;2010
Burlesque;2010
Valentine's Day;2010
Marmaduke;2010
Hereafter;2010
Fair Game;2010
Jonah Hex;2010
The Bounty Hunter;2010
Charlie St. Cloud;2010
The Social Network;2010
Get Him to the Greek;2010
Predators;2010
Morning Glory;2010
The Town;2010
Cop Out;2010
Hot Tub Time Machine;2010
True Grit;2010
Secretariat;2010
The Back-up Plan;2010
Furry Vengeance;2010
Takers;2010
Repo Men;2010
Going the Distance;2010
Extraordinary Measures;2010
Letters to Juliet;2010
Step Up 3D;2010
The Next Three Days;2010
Love & Other Drugs;2010
The Spy Next Door;2010
Legion;2010
Dear John;2010
The Losers;2010
Don't Be Afraid of the Dark;2010
My Soul to Take;2010
The Conspirator;2010
Love Ranch;2010
Piranha 3D;2010
Faster;2010
Stone;2010
For Colored Girls;2010
Jackass 3D;2010
The Last Song;2010
Why Did I Get Married Too?;2010
The American;2010
Vampires Suck;2010
The Debt;2010
You Again;2010
She's Out of My League;2010
Alpha and Omega;2010
All Good Things;2010
Dylan Dog: Dead of Night;2010
The Tempest;2010
The Switch;2010
The Crazies;2010
Leap Year;2010
127 Hours;2010
Lottery Ticket;2010
Remember Me;2010
Diary of a Wimpy Kid;2010
Ramona and Beezus;2010
You Will Meet a Tall Dark Stranger;2010
Our Family Wedding;2010
Flipped;2010
Black Swan;2010
The Killer Inside Me;2010
Machete;2010
Just Wright;2010
The Fighter;2010
Devil;2010
Skyline;2010
MacGruber;2010
Blood Done Sign My Name;2010
Good Intentions;2010
The Runaways;2010
Easy A;2010
It's Kind of a Funny Story;2010
Cyrus;2010
Somewhere;2010
Hesher;2010
The Extra Man;2010
Ca$h;2010
The 5th Quarter;2010
Standing Ovation;2010
Everything Must Go;2010
Rabbit Hole;2010
The Kids Are All Right;2010
Trust;2010
Stake Land;2010
Beginners;2010
Paranormal Activity 2;2010
Please Give;2010
Letters to God;2010
Barry Munday;2010
Freakonomics;2010
8: The Mormon Proposition;2010
Super;2010
Christmas Mail;2010
Redemption Road;2010
Lies in Plain Sight;2010
Winter's Bone;2010
Inside Job;2010
Meek's Cutoff;2010
The Virginity Hit;2010
Nine Dead;2010
I Spit on Your Grave;2010
N-Secure;2010
Insidious;2010
Mooz-Lum;2010
Amigo;2010
The 41-Year-Old Virgin Who Knocked Up Sarah Marshall and Felt Superbad About It;2010
The Dead Undead;2010
Blue Valentine;2010
The Perfect Host;2010
I Want Your Money;2010
3 Backyards;2010
Anderson's Cross;2010
Death Calls;2010
The Christmas Bunny;2010
The Grace Card;2010
Super Hybrid;2010
Tiny Furniture;2010
Pirates of the Caribbean: On Stranger Tides;2011
Cars 2;2011
Green Lantern;2011
Transformers: Dark of the Moon;2011
Hugo;2011
X-Men: First Class;2011
Thor;2011
Kung Fu Panda 2;2011
Mars Needs Moms;2011
Mission: Impossible - Ghost Protocol;2011
Captain America: The First Avenger;2011
Rango;2011
Puss in Boots;2011
The Adventures of Tintin;2011
Fast Five;2011
Sherlock Holmes: A Game of Shadows;2011
The Green Hornet;2011
The Smurfs;2011
Real Steel;2011
Rise of the Planet of the Apes;2011
The Girl with the Dragon Tattoo;2011
Rio;2011
Tower Heist;2011
The Hangover Part II;2011
Alvin and the Chipmunks: Chipwrecked;2011
Just Go with It;2011
Zookeeper;2011
Jack and Jill;2011
Immortals;2011
Sucker Punch;2011
Battle Los Angeles;2011
War Horse;2011
The Dilemma;2011
Hall Pass;2011
Hop;2011
Contagion;2011
Priest;2011
Ghost Rider: Spirit of Vengeance;2011
Mr. Popper's Penguins;2011
The Change-Up;2011
The Adjustment Bureau;2011
Super 8;2011
We Bought a Zoo;2011
Crazy, Stupid, Love.;2011
Moneyball;2011
I Am Number Four;2011
Your Highness;2011
Dream House;2011
Drive Angry;2011
The Muppets;2011
Johnny English Reborn;2011
The Mechanic;2011
Red Riding Hood;2011
The Big Year;2011
The Lincoln Lawyer;2011
Paul;2011
Scream 4;2011
Final Destination 5;2011
Extremely Loud & Incredibly Close;2011
Water for Elephants;2011
Dolphin Tale;2011
The Rite;2011
Horrible Bosses;2011
Friends with Benefits;2011
In Time;2011
Something Borrowed;2011
J. Edgar;2011
Abduction;2011
The Tree of Life;2011
The Darkest Hour;2011
Bridesmaids;2011
Big Mommas: Like Father, Like Son;2011
Source Code;2011
Hanna;2011
Larry Crowne;2011
Winnie the Pooh;2011
Sanctum;2011
Fright Night;2011
Hoodwinked Too! Hood vs. Evil;2011
Machine Gun Preacher;2011
Spy Kids: All the Time in the World in 4D;2011
New Year's Eve;2011
The Help;2011
No Strings Attached;2011
The Grey;2011
The Sitter;2011
Shark Night 3D;2011
Warrior;2011
Straw Dogs;2011
I Don't Know How She Does It;2011
The Ides of March;2011
The Beaver;2011
The Descendants;2011
A Very Harold & Kumar 3D Christmas;2011
What's Your Number?;2011
Bad Teacher;2011
Take Me Home Tonight;2011
Diary of a Wimpy Kid: Rodrick Rules;2011
Soul Surfer;2011
Beastly;2011
The Roommate;2011
Drive;2011
One Day;2011
The Son of No One;2011
Margaret;2011
Justin Bieber: Never Say Never;2011
In the Land of Blood and Honey;2011
Young Adult;2011
Cedar Rapids;2011
Jeff, Who Lives at Home;2011
Bucky Larson: Born to Be a Star;2011
A Better Life;2011
Killer Joe;2011
Detention;2011
Glee: The 3D Concert Movie;2011
50/50;2011
Prom;2011
Jumping the Broom;2011
Twixt;2011
Bernie;2011
The Hit List;2011
Salvation Boulevard;2011
Paranormal Activity 3;2011
Our Idiot Brother;2011
Apollo 18;2011
We Have Your Husband;2011
Take Shelter;2011
Without Men;2011
Red State;2011
Samsara;2011
The Art of Getting By;2011
Another Happy Day;2011
Margin Call;2011
August;2011
Damsels in Distress;2011
Fort McCoy;2011
Never Back Down 2: The Beatdown;2011
Go for It!;2011
Courageous;2011
The Legend of Hell's Gate: An American Conspiracy;2011
Higher Ground;2011
The Greatest Movie Ever Sold;2011
The Lion of Judah;2011
October Baby;2011
Martha Marcy May Marlene;2011
My Last Day Without You;2011
L!fe Happens;2011
Kevin Hart: Laugh at My Pain;2011
The Innkeepers;2011
The Harvest/La Cosecha;2011
High Road;2011
Sholem Aleichem: Laughing in the Darkness;2011
Enter Nowhere;2011
Some Guy Who Kills People;2011
Like Crazy;2011
Another Earth;2011
Sound of My Voice;2011
Your Sister's Sister;2011
The FP;2011
Absentia;2011
Raymond Did It;2011
The Ridges;2011
All Superheroes Must Die;2011
Newlyweds;2011
The Dark Knight Rises;2012
John Carter;2012
The Avengers;2012
Men in Black 3;2012
The Amazing Spider-Man;2012
Battleship;2012
Brave;2012
Snow White and the Huntsman;2012
Wreck-It Ralph;2012
The Hobbit: An Unexpected Journey;2012
Wrath of the Titans;2012
Dark Shadows;2012
Madagascar 3: Europe's Most Wanted;2012
Rise of the Guardians;2012
The Twilight Saga: Breaking Dawn - Part 2;2012
The Bourne Legacy;2012
Life of Pi;2012
Prometheus;2012
Django Unchained;2012
The Expendables 2;2012
The Campaign;2012
Ice Age: Continental Drift;2012
Hotel Transylvania;2012
Safe House;2012
Mirror Mirror;2012
The Hunger Games;2012
Journey 2: The Mysterious Island;2012
Underworld: Awakening;2012
Rock of Ages;2012
Abraham Lincoln: Vampire Hunter;2012
Lincoln;2012
Les Misérables;2012
The Dictator;2012
This Means War;2012
Jack Reacher;2012
ParaNorman;2012
Trouble with the Curve;2012
Red Tails;2012
That's My Boy;2012
The Watch;2012
Bullet to the Head;2012
Zero Dark Thirty;2012
Ted;2012
American Reunion;2012
Savages;2012
Foodfight!;2012
Argo;2012
21 Jump Street;2012
Here Comes the Boom;2012
One for the Money;2012
Man on a Ledge;2012
The Odd Life of Timothy Green;2012
The Guilt Trip;2012
Big Miracle;2012
A Thousand Words;2012
Frankenweenie;2012
The Master;2012
What to Expect When You're Expecting;2012
This Is 40;2012
Alex Cross;2012
Premium Rush;2012
Stolen;2012
Playing for Keeps;2012
Step Up Revolution;2012
Safe;2012
Wanderlust;2012
Flight;2012
The Vow;2012
Looper;2012
Hope Springs;2012
The Three Stooges;2012
The Cabin in the Woods;2012
The Five-Year Engagement;2012
Joyful Noise;2012
The Raven;2012
Parental Guidance;2012
The Lucky One;2012
Contraband;2012
The Possession;2012
Cirque du Soleil: Worlds Away;2012
Diary of a Wimpy Kid: Dog Days;2012
Hit and Run;2012
To Rome with Love;2012
Silver Linings Playbook;2012
Madea's Witness Protection;2012
Chasing Mavericks;2012
The Cold Light of Day;2012
The Oogieloves in the Big Balloon Adventure;2012
Won't Back Down;2012
Pitch Perfect;2012
The Apparition;2012
Moonrise Kingdom;2012
Vamps;2012
End of Watch;2012
The Place Beyond the Pines;2012
Killing Them Softly;2012
The Man with the Iron Fists;2012
Promised Land;2012
Good Deeds;2012
Fun Size;2012
The Perks of Being a Wallflower;2012
Think Like a Man;2012
Act of Valor;2012
Chronicle;2012
Project X;2012
Katy Perry: Part of Me;2012
Arbitrage;2012
Darling Companion;2012
LOL;2012
Sparkle;2012
Mud;2012
Seeking a Friend for the End of the World;2012
The Collection;2012
Atlas Shrugged II: The Strike;2012
The Iceman;2012
Magic Mike;2012
The Words;2012
Casa de mi Padre;2012
Deadfall;2012
Freaky Deaky;2012
Trade of Innocents;2012
Paranormal Activity 4;2012
Spring Breakers;2012
Should've Been Romeo;2012
No Vacancy;2012
How to Fall in Love;2012
Day One;2012
Sinister;2012
Frances Ha;2012
Bachelorette;2012
Tim and Eric's Billion Dollar Movie;2012
2016: Obama's America;2012
Robot & Frank;2012
Supercapitalist;2012
Small Apartments;2012
The Ghastly Love of Johnny X;2012
Beasts of the Southern Wild;2012
Dysfunctional Friends;2012
The Lords of Salem;2012
Filly Brown;2012
Blue Like Jazz;2012
Chernobyl Diaries;2012
The Devil Inside;2012
The Sessions;2012
Hardflip;2012
Snow White: A Deadly Summer;2012
Black Rock;2012
The Brass Teapot;2012
For a Good Time, Call...;2012
Celeste & Jesse Forever;2012
Vessel;2012
Safety Not Guaranteed;2012
After;2012
Deceptive Practice: The Mysteries and Mentors of Ricky Jay;2012
The Other Dream Team;2012
Detention of the Dead;2012
Girls Gone Dead;2012
Compliance;2012
The Frozen;2012
Burn;2012
Middle of Nowhere;2012
Theresa Is a Mother;2012
Archaeology of a Woman;2012
Supporting Characters;2012
Hayride;2012
Run, Hide, Die;2012
"Sanctuary; Quite a Conundrum";2012
Shanghai Calling;2012
The Lone Ranger;2013
Man of Steel;2013
The Hobbit: The Desolation of Smaug;2013
Iron Man 3;2013
Monsters University;2013
Oz the Great and Powerful;2013
World War Z;2013
Star Trek Into Darkness;2013
Jack the Giant Slayer;2013
Pacific Rim;2013
47 Ronin;2013
Frozen;2013
Thor: The Dark World;2013
White House Down;2013
G.I. Joe: Retaliation;2013
Turbo;2013
The Hunger Games: Catching Fire;2013
After Earth;2013
R.I.P.D.;2013
Elysium;2013
Oblivion;2013
The Wolverine;2013
The Croods;2013
The Smurfs 2;2013
Ender's Game;2013
Epic;2013
The Wolf of Wall Street;2013
A Good Day to Die Hard;2013
The Secret Life of Walter Mitty;2013
Percy Jackson: Sea of Monsters;2013
RED 2;2013
Grown Ups 2;2013
Walking with Dinosaurs 3D;2013
Cloudy with a Chance of Meatballs 2;2013
Despicable Me 2;2013
Now You See Me;2013
Olympus Has Fallen;2013
Legends of Oz: Dorothy's Return;2013
Escape Plan;2013
2 Guns;2013
Gangster Squad;2013
The Mortal Instruments: City of Bones;2013
The Internship;2013
Captain Phillips;2013
Free Birds;2013
Anchorman 2: The Legend Continues;2013
The Host;2013
Beautiful Creatures;2013
Prisoners;2013
The Heat;2013
American Hustle;2013
Lone Survivor;2013
42;2013
Escape from Planet Earth;2013
Grudge Match;2013
Riddick;2013
We're the Millers;2013
Identity Thief;2013
Saving Mr. Banks;2013
Broken City;2013
Parker;2013
This Is the End;2013
The Big Wedding;2013
The Incredible Burt Wonderstone;2013
Lee Daniels' The Butler;2013
Warm Bodies;2013
Carrie;2013
Side Effects;2013
The Last Stand;2013
Runner Runner;2013
Dead Man Down;2013
Last Vegas;2013
Safe Haven;2013
Kick-Ass 2;2013
Pain & Gain;2013
The Fifth Estate;2013
A Madea Christmas;2013
August: Osage County;2013
The Counselor;2013
Her;2013
Delivery Man;2013
Homefront;2013
Out of the Furnace;2013
The Conjuring;2013
12 Years a Slave;2013
Texas Chainsaw 3D;2013
Scary Movie 5;2013
Battle of the Year;2013
The Frozen Ground;2013
The Book Thief;2013
Blue Jasmine;2013
Getaway;2013
Labor Day;2013
Metallica Through the Never;2013
Black Nativity;2013
The Best Man Holiday;2013
Evil Dead;2013
The Immigrant;2013
Bad Grandpa;2013
Snitch;2013
Peeples;2013
21 & Over;2013
Admission;2013
The Call;2013
Nebraska;2013
Inside Llewyn Davis;2013
One Direction: This Is Us;2013
Movie 43;2013
Bad Words;2013
Nurse 3D;2013
Baggage Claim;2013
The Haunting in Connecticut 2: Ghosts of Georgia;2013
All Is Lost;2013
Enough Said;2013
Begin Again;2013
Don Jon;2013
Insidious: Chapter 2;2013
Dallas Buyers Club;2013
Oculus;2013
The Way Way Back;2013
Hansel & Gretel Get Baked;2013
Joe;2013
Sharknado;2013
Batman: The Dark Knight Returns, Part 2;2013
The Purge;2013
Before Midnight;2013
30 Nights of Paranormal Activity with the Devil Inside the Girl with the Dragon Tattoo;2013
Enter the Dangerous Mind;2013
A Haunted House;2013
Kevin Hart: Let Me Explain;2013
The Spectacular Now;2013
Plush;2013
Coffee Town;2013
All Is Bright;2013
Straight A's;2013
Living Dark: The Story of Ted the Caver;2013
Grace Unplugged;2013
The To Do List;2013
Once Upon a Time in Queens;2013
Home Run;2013
The Knife of Don Juan;2013
The Green Inferno;2013
20 Feet from Stardom;2013
Palo Alto;2013
Zombie Hunter;2013
Fruitvale Station;2013
1982;2013
Escape from Tomorrow;2013
Treachery;2013
Water & Power;2013
The Maid's Room;2013
Drinking Buddies;2013
Mutual Friends;2013
Roadside;2013
Blue Ruin;2013
The Canyons;2013
UnDivided;2013
Along the Roadside;2013
Aroused;2013
Cheap Thrills;2013
Echo Dr.;2013
Bending Steel;2013
This Is Martin Bonner;2013
A True Story;2013
Her Cry: La Llorona Investigation;2013
Dry Spell;2013
A Plague So Pleasant;2013
Transformers: Age of Extinction;2014
The Amazing Spider-Man 2;2014
X-Men: Days of Future Past;2014
Edge of Tomorrow;2014
Maleficent;2014
Dawn of the Planet of the Apes;2014
Captain America: The Winter Soldier;2014
Big Hero 6;2014
Guardians of the Galaxy;2014
Interstellar;2014
Mr. Peabody & Sherman;2014
How to Train Your Dragon 2;2014
Penguins of Madagascar;2014
Noah;2014
Night at the Museum: Secret of the Tomb;2014
The Hunger Games: Mockingjay - Part 1;2014
Rio 2;2014
RoboCop;2014
Teenage Mutant Ninja Turtles;2014
300: Rise of an Empire;2014
Hercules;2014
The Expendables 3;2014
Seventh Son;2014
Divergent;2014
Fury;2014
The Monuments Men;2014
Dracula Untold;2014
The Legend of Hercules;2014
Need for Speed;2014
Unbroken;2014
Annie;2014
Sin City: A Dame to Kill For;2014
Gone Girl;2014
Jack Ryan: Shadow Recruit;2014
The Boxtrolls;2014
Winter's Tale;2014
American Sniper;2014
The Equalizer;2014
Muppets Most Wanted;2014
22 Jump Street;2014
Into the Woods;2014
The Book of Life;2014
Into the Storm;2014
The Judge;2014
Blended;2014
The Interview;2014
Dumb and Dumber To;2014
The Other Woman;2014
Horrible Bosses 2;2014
Jersey Boys;2014
Sex Tape;2014
A Million Ways to Die in the West;2014
Dolphin Tale 2;2014
Sabotage;2014
The Maze Runner;2014
The Grand Budapest Hotel;2014
Get on Up;2014
Deliver Us from Evil;2014
Alexander and the Terrible, Horrible, No Good, Very Bad Day;2014
3 Days to Kill;2014
A Walk Among the Tombstones;2014
The Best of Me;2014
Ride Along;2014
Million Dollar Arm;2014
The Gambler;2014
Draft Day;2014
Red Sky;2014
Think Like a Man Too;2014
The Hundred-Foot Journey;2014
Son of God;2014
Tammy;2014
This Is Where I Leave You;2014
Endless Love;2014
Inherent Vice;2014
A Most Violent Year;2014
Dwegons and Leprechauns;2014
Neighbors;2014
Left Behind;2014
Birdman or (The Unexpected Virtue of Ignorance);2014
And So It Goes;2014
The Prince;2014
Let's Be Cops;2014
The Homesman;2014
Wild;2014
When the Game Stands Tall;2014
The November Man;2014
Freedom;2014
St. Vincent;2014
About Last Night;2014
No Good Deed;2014
Earth to Echo;2014
The Fault in Our Stars;2014
Top Five;2014
Heaven Is for Real;2014
If I Stay;2014
Big Eyes;2014
Black or White;2014
While We're Young;2014
Rosewater;2014
Elsa & Fred;2014
The Purge: Anarchy;2014
Nightcrawler;2014
That Awkward Moment;2014
Swelter;2014
Devil's Due;2014
Beyond the Lights;2014
Alpha and Omega 4: The Legend of the Saw Toothed Cave;2014
Annabelle;2014
Wish I Was Here;2014
Song One;2014
Animals;2014
Ouija;2014
Paranormal Activity: The Marked Ones;2014
As Above, So Below;2014
Addicted;2014
Still Alice;2014
Kill the Messenger;2014
Atlas Shrugged: Who Is John Galt?;2014
Rudderless;2014
Henry & Me;2014
Let's Kill Ward's Wife;2014
Moms' Night Out;2014
Falcon Rising;2014
Boyhood;2014
A Haunted House 2;2014
Wicked Blood;2014
Whiplash;2014
The Opposite Sex;2014
Tusk;2014
They Came Together;2014
Something Wicked;2014
Amnesiac;2014
The Calling;2014
8 Days;2014
Always Woodstock;2014
It Follows;2014
The Last Five Years;2014
Out of the Dark;2014
Unsullied;2014
House at the End of the Drive;2014
Da Sweet Blood of Jesus;2014
The Algerian;2014
Unfriended;2014
The Skeleton Twins;2014
Obvious Child;2014
I Origins;2014
Hits;2014
Doc Holliday's Revenge;2014
A Fine Step;2014
Ask Me Anything;2014
Food Chains;2014
Not Cool;2014
Destiny;2014
The Sisterhood of Night;2014
The Hadza: Last of the First;2014
Light from the Darkroom;2014
Good Kill;2014
The Outrageous Sophie Tucker;2014
The Sound and the Shadow;2014
Born to Fly: Elizabeth Streb vs. Gravity;2014
Rise of the Entrepreneur: The Search for a Better Way;2014
Love in the Time of Monsters;2014
Locker 13;2014
Amidst the Devil's Wings;2014
Horse Camp;2014
Give Me Shelter;2014
Solitude;2014
H.;2014
Butterfly Girl;2014
Perfect Cowboy;2014
Top Spin;2014
An American in Hollywood;2014
Dude, Where's My Dog?!;2014
The Past is a Grotesque Animal;2014
Happy Christmas;2014
Tiger Orange;2014
The Signal;2014
The Image Revolution;2014
Dawn of the Crescent Moon;2014
Avengers: Age of Ultron;2015
Jurassic World;2015
Furious 7;2015
The Good Dinosaur;2015
Jupiter Ascending;2015
Inside Out;2015
Tomorrowland;2015
The Hunger Games: Mockingjay - Part 2;2015
Terminator Genisys;2015
Pan;2015
The Revenant;2015
Ant-Man;2015
Home;2015
Fantastic Four;2015
San Andreas;2015
Insurgent;2015
The Martian;2015
Point Break;2015
In the Heart of the Sea;2015
The Peanuts Movie;2015
Cinderella;2015
Alvin and the Chipmunks: The Road Chip;2015
Pixels;2015
Hotel Transylvania 2;2015
The Last Witch Hunter;2015
The Man from U.N.C.L.E.;2015
Minions;2015
The SpongeBob Movie: Sponge Out of Water;2015
Blackhat;2015
Ted 2;2015
Focus;2015
The Hateful Eight;2015
The Scorch Trials;2015
Joy;2015
Goosebumps;2015
The Ridiculous 6;2015
Black Mass;2015
Daddy's Home;2015
Run All Night;2015
Chappie;2015
Victor Frankenstein;2015
Fifty Shades of Grey;2015
Get Hard;2015
The Intern;2015
Bridge of Spies;2015
The Gunman;2015
Paul Blart: Mall Cop 2;2015
Creed;2015
Aloha;2015
Heist;2015
Hot Pursuit;2015
The Walk;2015
Unfinished Business;2015
The Longest Ride;2015
Vacation;2015
Sicario;2015
Southpaw;2015
The Age of Adaline;2015
Wild Card;2015
Pitch Perfect 2;2015
Straight Outta Compton;2015
The Big Short;2015
Our Brand Is Crisis;2015
Accidental Love;2015
Self/less;2015
Max;2015
Spotlight;2015
Secret in Their Eyes;2015
Burnt;2015
Courage;2015
By the Sea;2015
Survivor;2015
Love the Coopers;2015
McFarland, USA;2015
Krampus;2015
Magic Mike XXL;2015
Broken Horses;2015
Hot Tub Time Machine 2;2015
The Vatican Tapes;2015
Paper Towns;2015
Project Almanac;2015
10 Days in a Madhouse;2015
Dancin' It's On;2015
Sinister 2;2015
The Gift;2015
Danny Collins;2015
Re-Kill;2015
Into the Grizzly Maze;2015
The DUFF;2015
Anomalisa;2015
Dope;2015
Freeheld;2015
Criminal Activities;2015
Goddess of Love;2015
The Lazarus Effect;2015
No Escape;2015
90 Minutes in Heaven;2015
Green Room;2015
The Visit;2015
Area 51;2015
Christmas Eve;2015
Running Forever;2015
Navy Seals vs. Zombies;2015
R.L. Stine's Monsterville: The Cabinet of Souls;2015
Maggie;2015
The Boy Next Door;2015
Zipper;2015
Chain of Command;2015
The Witch;2015
Time to Choose;2015
Demonic;2015
AWOL-72;2015
Close Range;2015
Unnatural;2015
Do You Believe?;2015
Mi America;2015
Sharkskin;2015
The Timber;2015
Captive;2015
The Diary of a Teenage Girl;2015
Stonewall;2015
Circle;2015
The Walking Deceased;2015
The Curse of Downers Grove;2015
Shark Lake;2015
The Marine 4: Moving Target;2015
Brotherly Love;2015
Road Hard;2015
Me You and Five Bucks;2015
Growing Up Smith;2015
Checkmate;2015
#Horror;2015
Wind Walkers;2015
The Wicked Within;2015
Bleeding Hearts;2015
Creative Control;2015
Fear Clinic;2015
The Horror Network Vol. 1;2015
American Hero;2015
Windsor Drive;2015
Adulterers;2015
Walter;2015
America Is Still the Place;2015
Subconscious;2015
Diamond Ruff;2015
Rotor DR1;2015
The Looking Glass;2015
Teeth and Blood;2015
Western Religion;2015
Shooting the Warwicks;2015
Heroes of Dirt;2015
Antarctic Edge: 70° South;2015
Romantic Schemer;2015
The Gallows;2015
Queen Crab;2015
Counting;2015
Dutch Kills;2015
Exeter;2015
Batman v Superman: Dawn of Justice;2016
Captain America: Civil War;2016
Star Trek Beyond;2016
The Legend of Tarzan;2016
X-Men: Apocalypse;2016
Suicide Squad;2016
Independence Day: Resurgence;2016
Alice Through the Looking Glass;2016
Warcraft;2016
Ghostbusters;2016
Kung Fu Panda 3;2016
Gods of Egypt;2016
The Huntsman: Winter's War;2016
Teenage Mutant Ninja Turtles: Out of the Shadows;2016
Allegiant;2016
Ben-Hur;2016
Now You See Me 2;2016
The Angry Birds Movie;2016
The Finest Hours;2016
Deadpool;2016
Central Intelligence;2016
13 Hours;2016
Free State of Jones;2016
Zoolander 2;2016
The Conjuring 2;2016
Ride Along 2;2016
The 5th Wave;2016
How to Be Single;2016
Neighbors 2: Sorority Rising;2016
Sausage Party;2016
The Boss;2016
Pride and Prejudice and Zombies;2016
Money Monster;2016
Jane Got a Gun;2016
Bad Moms;2016
Risen;2016
Nerve;2016
Triple 9;2016
Fight Valley;2016
Indignation;2016
My Big Fat Greek Wedding 2;2016
Restoration;2016
I Am Wrath;2016
The Young Messiah;2016
Ben-Hur;2016
Keanu;2016
Miracles from Heaven;2016
The Shallows;2016
Dirty Grandpa;2016
Misconduct;2016
The Boy;2016
Pete's Dragon;2016
The Forest;2016
Kicks;2016
Mr. Church;2016
Code of Honor;2016
10 Cloverfield Lane;2016
Lights Out;2016
Fifty Shades of Black;2016
The Perfect Match;2016
Yoga Hosers;2016
The Veil;2016
Ben-Hur;2016
Antibirth;2016
A Beginner's Guide to Snuff;2016
Cabin Fever;2016
Kickboxer: Vengeance;2016
The Dog Lover;2016
God's Not Dead 2;2016
Fight to the Finish;2016
Alleluia! The Devil's Carnival;2016
Rodeo Girl;2016
The Little Ponderosa Zoo;2016
The Birth of a Nation;2016
Miami Vice;NA
The A-Team;NA
Hannibal;NA
Daredevil;NA
Bewitched;NA
Constantine;NA
Life;NA
Sleepy Hollow;NA
Last Man Standing;NA
Rules of Engagement;NA
Sabrina, the Teenage Witch;NA
Sex and the City;NA
Anger Management;NA
Stargate SG-1;NA
Twisted;NA
Defiance;NA
Outlander;NA
McHale's Navy;NA
3rd Rock from the Sun;NA
Rush Hour;NA
Hit the Floor;NA
Friday Night Lights;NA
The Family;NA
Entourage;NA
12 Monkeys;NA
Limitless;NA
The Honeymooners;NA
It's Always Sunny in Philadelphia;NA
The Powerpuff Girls;NA
Rogue;NA
The Bachelor;NA
Meet the Browns;NA
Fired Up;NA
Perception;NA
The O.C.;NA
Unforgettable;NA
The Messengers;NA
Scream: The TV Series;NA
The Company;NA
Ghost Hunters;NA
Spartacus: War of the Damned;NA
Bones;NA
The Bold and the Beautiful;NA
Star Wars: The Clone Wars;NA
The Player;NA
Fargo;NA
Buffy the Vampire Slayer;NA
Nikita;NA
Dark Angel;NA
Veronica Mars;NA
Saving Grace;NA
Psych;NA
Secrets and Lies;NA
Animal Kingdom;NA
Sonny with a Chance;NA
M*A*S*H;NA
Empire;NA
Robot Chicken;NA
Creature;NA
BrainDead;NA
In the Heat of the Night;NA
Strangers with Candy;NA
Get Real;NA
Eureka;NA
Wings;NA
The Streets of San Francisco;NA
Space: Above and Beyond;NA
The Girlfriend Experience;NA
Jesse;NA
Heroes;NA
Home Movies;NA
Revolution;NA
The Following;NA
